date,system_name,metric_auc,metric_accuracy,metric_drift_max_psi,metric_fairness_tpr_gap,metric_latency_p95_ms,prediction_volume,error_count,alert_triggered,metric_retrieval_hit_rate,metric_hallucination_rate,metric_refusal_rate,request_volume,unsafe_request_block_rate
2025-10-01,No-Show Predictor,0.861,0.797,0.174,0.045,61,538.0,1.0,0,,,,,
2025-10-01,Policy RAG Assistant,,,,,830,,,0,0.84,0.058,0.179,196.0,0.958
2025-10-02,No-Show Predictor,0.85,0.758,0.171,0.04,42,507.0,2.0,0,,,,,
2025-10-02,Policy RAG Assistant,,,,,918,,,0,0.916,0.041,0.119,250.0,0.938
2025-10-03,No-Show Predictor,0.858,0.782,0.07,0.047,59,390.0,2.0,0,,,,,
2025-10-03,Policy RAG Assistant,,,,,869,,,0,0.834,0.046,0.181,183.0,0.909
2025-10-04,No-Show Predictor,0.866,0.777,0.107,0.07,69,532.0,0.0,0,,,,,
2025-10-04,Policy RAG Assistant,,,,,949,,,0,0.893,0.054,0.175,122.0,0.909
2025-10-05,No-Show Predictor,0.867,0.751,0.085,0.091,44,446.0,1.0,0,,,,,
2025-10-05,Policy RAG Assistant,,,,,980,,,0,0.853,0.042,0.103,242.0,0.938
2025-10-06,No-Show Predictor,0.863,0.77,0.139,0.067,50,515.0,0.0,0,,,,,
2025-10-06,Policy RAG Assistant,,,,,853,,,0,0.789,0.045,0.113,278.0,0.863
2025-10-07,No-Show Predictor,0.861,0.777,0.142,0.085,56,521.0,3.0,0,,,,,
2025-10-07,Policy RAG Assistant,,,,,1094,,,0,0.835,0.056,0.108,202.0,0.9
2025-10-08,No-Show Predictor,0.857,0.781,0.096,0.048,68,478.0,3.0,0,,,,,
2025-10-08,Policy RAG Assistant,,,,,924,,,0,0.813,0.042,0.196,151.0,0.977
2025-10-09,No-Show Predictor,0.867,0.779,0.174,0.058,81,468.0,0.0,0,,,,,
2025-10-09,Policy RAG Assistant,,,,,717,,,0,0.882,0.05,0.133,142.0,0.907
2025-10-10,No-Show Predictor,0.857,0.788,0.074,0.085,48,509.0,3.0,0,,,,,
2025-10-10,Policy RAG Assistant,,,,,731,,,0,0.835,0.021,0.091,198.0,0.875
2025-10-11,No-Show Predictor,0.854,0.766,0.151,0.043,38,487.0,0.0,0,,,,,
2025-10-11,Policy RAG Assistant,,,,,793,,,0,0.898,0.025,0.183,206.0,0.902
2025-10-12,No-Show Predictor,0.848,0.762,0.089,0.097,42,447.0,5.0,0,,,,,
2025-10-12,Policy RAG Assistant,,,,,573,,,0,0.917,0.04,0.135,190.0,0.883
2025-10-13,No-Show Predictor,0.845,0.763,0.137,0.06,81,466.0,2.0,0,,,,,
2025-10-13,Policy RAG Assistant,,,,,690,,,0,0.798,0.041,0.123,223.0,0.955
2025-10-14,No-Show Predictor,0.856,0.78,0.142,0.051,63,541.0,4.0,0,,,,,
2025-10-14,Policy RAG Assistant,,,,,977,,,0,0.847,0.043,0.096,171.0,0.872
2025-10-15,No-Show Predictor,0.862,0.786,0.168,0.042,65,461.0,1.0,0,,,,,
2025-10-15,Policy RAG Assistant,,,,,961,,,0,0.868,0.026,0.163,245.0,0.884
2025-10-16,No-Show Predictor,0.876,0.777,0.054,0.053,56,505.0,2.0,0,,,,,
2025-10-16,Policy RAG Assistant,,,,,1112,,,0,0.832,0.024,0.169,233.0,0.895
2025-10-17,No-Show Predictor,0.864,0.745,0.068,0.092,43,545.0,0.0,0,,,,,
2025-10-17,Policy RAG Assistant,,,,,1095,,,0,0.897,0.035,0.141,205.0,0.947
2025-10-18,No-Show Predictor,0.855,0.793,0.134,0.058,47,538.0,1.0,0,,,,,
2025-10-18,Policy RAG Assistant,,,,,1054,,,0,0.866,0.041,0.113,205.0,0.908
2025-10-19,No-Show Predictor,0.849,0.78,0.071,0.036,56,497.0,4.0,0,,,,,
2025-10-19,Policy RAG Assistant,,,,,916,,,0,0.88,0.05,0.181,177.0,0.938
2025-10-20,No-Show Predictor,0.87,0.778,0.139,0.07,40,486.0,1.0,0,,,,,
2025-10-20,Policy RAG Assistant,,,,,1056,,,0,0.844,0.053,0.158,221.0,0.855
2025-10-21,No-Show Predictor,0.868,0.818,0.123,0.083,70,495.0,2.0,0,,,,,
2025-10-21,Policy RAG Assistant,,,,,789,,,0,0.89,0.057,0.124,214.0,0.977
2025-10-22,No-Show Predictor,0.852,0.776,0.142,0.033,89,472.0,0.0,0,,,,,
2025-10-22,Policy RAG Assistant,,,,,1058,,,0,0.906,0.042,0.11,227.0,0.924
2025-10-23,No-Show Predictor,0.866,0.775,0.173,0.087,68,613.0,0.0,0,,,,,
2025-10-23,Policy RAG Assistant,,,,,989,,,0,0.839,0.029,0.18,132.0,0.955
2025-10-24,No-Show Predictor,0.876,0.789,0.052,0.074,53,595.0,0.0,0,,,,,
2025-10-24,Policy RAG Assistant,,,,,879,,,0,0.913,0.029,0.192,183.0,0.924
2025-10-25,No-Show Predictor,0.861,0.774,0.132,0.085,51,622.0,1.0,0,,,,,
2025-10-25,Policy RAG Assistant,,,,,883,,,0,0.82,0.026,0.156,185.0,0.917
2025-10-26,No-Show Predictor,0.809,0.72,0.174,0.132,49,491.0,4.0,1,,,,,
2025-10-26,Policy RAG Assistant,,,,,883,,,0,0.795,0.032,0.082,204.0,0.85
2025-10-27,No-Show Predictor,0.83,0.751,0.269,0.078,41,438.0,0.0,1,,,,,
2025-10-27,Policy RAG Assistant,,,,,792,,,0,0.781,0.04,0.179,238.0,0.889
2025-10-28,No-Show Predictor,0.814,0.769,0.304,0.154,75,539.0,1.0,1,,,,,
2025-10-28,Policy RAG Assistant,,,,,793,,,0,0.792,0.055,0.197,225.0,0.876
2025-10-29,No-Show Predictor,0.858,0.771,0.249,0.077,64,563.0,0.0,0,,,,,
2025-10-29,Policy RAG Assistant,,,,,1027,,,0,0.874,0.055,0.145,153.0,0.874
2025-10-30,No-Show Predictor,0.81,0.745,0.17,0.113,94,598.0,0.0,0,,,,,
2025-10-30,Policy RAG Assistant,,,,,1005,,,0,0.864,0.054,0.108,189.0,0.954
2025-10-31,No-Show Predictor,0.876,0.723,0.221,0.166,45,599.0,3.0,1,,,,,
2025-10-31,Policy RAG Assistant,,,,,795,,,0,0.899,0.046,0.189,230.0,0.957
2025-11-01,No-Show Predictor,0.844,0.724,0.153,0.173,68,346.0,1.0,1,,,,,
2025-11-01,Policy RAG Assistant,,,,,803,,,0,0.833,0.053,0.096,202.0,0.96
2025-11-02,No-Show Predictor,0.843,0.739,0.251,0.169,49,439.0,3.0,1,,,,,
2025-11-02,Policy RAG Assistant,,,,,1007,,,0,0.813,0.038,0.16,208.0,0.964
2025-11-03,No-Show Predictor,0.847,0.754,0.31,0.146,87,504.0,1.0,1,,,,,
2025-11-03,Policy RAG Assistant,,,,,1035,,,0,0.802,0.039,0.183,203.0,0.908
2025-11-04,No-Show Predictor,0.805,0.803,0.179,0.092,76,521.0,0.0,0,,,,,
2025-11-04,Policy RAG Assistant,,,,,1182,,,0,0.912,0.04,0.186,236.0,0.951
2025-11-05,No-Show Predictor,0.842,0.773,0.192,0.103,59,484.0,1.0,0,,,,,
2025-11-05,Policy RAG Assistant,,,,,922,,,0,0.827,0.023,0.12,230.0,0.916
2025-11-06,No-Show Predictor,0.854,0.793,0.253,0.166,75,473.0,3.0,1,,,,,
2025-11-06,Policy RAG Assistant,,,,,998,,,0,0.827,0.057,0.126,174.0,0.885
2025-11-07,No-Show Predictor,0.817,0.777,0.193,0.126,60,473.0,7.0,1,,,,,
2025-11-07,Policy RAG Assistant,,,,,830,,,0,0.899,0.048,0.091,245.0,0.927
2025-11-08,No-Show Predictor,0.82,0.713,0.216,0.132,57,326.0,1.0,1,,,,,
2025-11-08,Policy RAG Assistant,,,,,927,,,0,0.897,0.042,0.16,175.0,0.9
2025-11-09,No-Show Predictor,0.829,0.791,0.291,0.091,47,524.0,0.0,1,,,,,
2025-11-09,Policy RAG Assistant,,,,,1091,,,0,0.787,0.023,0.143,171.0,0.92
2025-11-10,No-Show Predictor,0.849,0.79,0.343,0.09,57,553.0,0.0,1,,,,,
2025-11-10,Policy RAG Assistant,,,,,850,,,1,0.757,0.114,0.239,217.0,0.979
2025-11-11,No-Show Predictor,0.832,0.76,0.297,0.104,50,581.0,2.0,1,,,,,
2025-11-11,Policy RAG Assistant,,,,,955,,,0,0.829,0.07,0.271,191.0,0.927
2025-11-12,No-Show Predictor,0.811,0.726,0.354,0.138,76,551.0,1.0,1,,,,,
2025-11-12,Policy RAG Assistant,,,,,1015,,,0,0.769,0.057,0.184,165.0,0.979
2025-11-13,No-Show Predictor,0.875,0.783,0.153,0.072,82,492.0,2.0,0,,,,,
2025-11-13,Policy RAG Assistant,,,,,992,,,1,0.64,0.053,0.122,219.0,0.945
2025-11-14,No-Show Predictor,0.851,0.725,0.362,0.131,52,396.0,0.0,1,,,,,
2025-11-14,Policy RAG Assistant,,,,,790,,,1,0.879,0.106,0.179,231.0,0.923
2025-11-15,No-Show Predictor,0.819,0.75,0.236,0.143,64,500.0,3.0,1,,,,,
2025-11-15,Policy RAG Assistant,,,,,892,,,1,0.654,0.113,0.285,162.0,0.979
2025-11-16,No-Show Predictor,0.848,0.745,0.375,0.079,51,366.0,4.0,1,,,,,
2025-11-16,Policy RAG Assistant,,,,,1039,,,0,0.862,0.08,0.208,155.0,0.877
2025-11-17,No-Show Predictor,0.849,0.731,0.339,0.073,66,659.0,1.0,1,,,,,
2025-11-17,Policy RAG Assistant,,,,,957,,,1,0.851,0.1,0.156,142.0,0.957
2025-11-18,No-Show Predictor,0.814,0.706,0.292,0.16,57,535.0,3.0,1,,,,,
2025-11-18,Policy RAG Assistant,,,,,557,,,0,0.728,0.072,0.297,165.0,0.877
2025-11-19,No-Show Predictor,0.859,0.731,0.239,0.091,69,463.0,4.0,0,,,,,
2025-11-19,Policy RAG Assistant,,,,,904,,,0,0.717,0.058,0.224,242.0,0.973
2025-11-20,No-Show Predictor,0.843,0.753,0.214,0.12,72,518.0,6.0,0,,,,,
2025-11-20,Policy RAG Assistant,,,,,1050,,,1,0.74,0.108,0.277,176.0,0.943
2025-11-21,No-Show Predictor,0.824,0.757,0.231,0.158,66,605.0,0.0,1,,,,,
2025-11-21,Policy RAG Assistant,,,,,906,,,1,0.736,0.104,0.158,158.0,0.961
2025-11-22,No-Show Predictor,0.843,0.738,0.356,0.113,61,492.0,0.0,1,,,,,
2025-11-22,Policy RAG Assistant,,,,,857,,,1,0.699,0.093,0.134,280.0,0.937
2025-11-23,No-Show Predictor,0.845,0.726,0.261,0.111,56,599.0,2.0,1,,,,,
2025-11-23,Policy RAG Assistant,,,,,850,,,1,0.763,0.119,0.223,223.0,0.897
2025-11-24,No-Show Predictor,0.863,0.782,0.172,0.091,42,498.0,1.0,0,,,,,
2025-11-24,Policy RAG Assistant,,,,,979,,,0,0.879,0.063,0.16,234.0,0.878
2025-11-25,No-Show Predictor,0.852,0.782,0.224,0.176,74,626.0,3.0,1,,,,,
2025-11-25,Policy RAG Assistant,,,,,911,,,1,0.686,0.091,0.215,185.0,0.865
2025-11-26,No-Show Predictor,0.807,0.746,0.176,0.173,74,539.0,0.0,1,,,,,
2025-11-26,Policy RAG Assistant,,,,,744,,,0,0.753,0.066,0.281,177.0,0.858
2025-11-27,No-Show Predictor,0.812,0.76,0.362,0.145,74,546.0,2.0,1,,,,,
2025-11-27,Policy RAG Assistant,,,,,979,,,1,0.738,0.115,0.3,188.0,0.877
2025-11-28,No-Show Predictor,0.864,0.725,0.194,0.157,63,617.0,2.0,1,,,,,
2025-11-28,Policy RAG Assistant,,,,,796,,,1,0.666,0.086,0.255,201.0,0.877
2025-11-29,No-Show Predictor,0.838,0.751,0.184,0.169,65,518.0,2.0,1,,,,,
2025-11-29,Policy RAG Assistant,,,,,1012,,,1,0.667,0.082,0.28,136.0,0.872
