First Name,Last Name,SAT Score
Laura,Taylor,1185
Laura,Moore,721
Anna,Brown,1058
Chris,Miller,1389
Laura,Smith,933
Emily,Miller,721
Anna,Jones,1099
Michael,Taylor,1154
Alex,Wilson,1322
Michael,Taylor,1068
John,Brown,1286
Anna,Wilson,730
David,Moore,1478
Jane,Davis,1328
Laura,Miller,1534
Chris,Davis,1358
Jane,Moore,996
Michael,Wilson,1583
Alex,Williams,1546
Anna,Johnson,1051
Emily,Brown,789
Chris,Brown,1099
Emily,Brown,609
Emily,Brown,784
Laura,Miller,1499
Laura,Smith,1034
Sarah,Johnson,1404
Chris,Smith,1240
Laura,Jones,635
John,Smith,1253
Laura,Miller,917
John,Davis,1426
David,Taylor,1558
Anna,Wilson,994
Emily,Johnson,1288
John,Wilson,1297
Anna,Brown,1035
John,Brown,1466
Laura,Miller,1214
Michael,Williams,992
Sarah,Williams,1018
David,Brown,693
Laura,Wilson,690
David,Miller,1022
David,Taylor,1429
Sarah,Johnson,777
Anna,Jones,877
Anna,Brown,1377
Chris,Taylor,974
Chris,Wilson,742
Laura,Williams,1166
Laura,Brown,1261
Alex,Wilson,1074
Laura,Brown,1471
Michael,Moore,1219
Sarah,Williams,1098
John,Taylor,1203
Anna,Taylor,1191
Anna,Smith,916
Michael,Davis,1167
Emily,Taylor,982
Jane,Brown,1142
John,Miller,1090
Sarah,Brown,764
John,Johnson,608
John,Williams,998
John,Jones,992
Laura,Smith,662
Alex,Taylor,825
Emily,Jones,1502
David,Smith,1550
Laura,Moore,698
Emily,Williams,1123
Michael,Williams,1136
Emily,Davis,1261
Emily,Taylor,1414
Alex,Wilson,1028
Anna,Johnson,1367
Anna,Miller,1584
Emily,Wilson,1091
Jane,Brown,1189
Alex,Johnson,1555
Chris,Jones,1294
John,Smith,1004
Sarah,Moore,1375
John,Davis,770
Sarah,Miller,1377
Anna,Taylor,1292
John,Davis,1197
Laura,Taylor,1087
Anna,Moore,767
Alex,Williams,1455
Sarah,Moore,718
Anna,Taylor,1151
David,Davis,1423
Sarah,Williams,975
Alex,Williams,776
Alex,Taylor,1409
Chris,Brown,710
Emily,Smith,741