age,lesion_size,color_irregular,border_irregular,prior_history,cancer
76,3.77,1,0,0,0
24,6.88,0,0,2,1
30,5.52,1,1,0,1
35,2.2,1,1,2,1
31,2.56,1,0,2,0
75,5.32,0,1,1,0
80,4.22,0,0,2,1
59,9.29,1,1,2,1
20,6.07,1,0,0,1
24,3.93,0,0,0,1
41,5.03,1,1,0,1
49,9.18,0,1,2,1
62,4.12,0,1,0,1
52,7.54,0,0,0,1
37,6.88,0,0,1,1
29,8.93,0,1,1,0
67,7.06,0,1,1,0
70,5.21,1,1,2,1
20,7.06,1,1,1,1
26,6.14,0,1,2,1
50,7.95,0,1,0,0
46,5.89,0,0,1,0
81,9.95,1,0,0,1
55,5.81,1,0,2,0
48,6.89,0,1,0,1
49,4.71,1,0,0,1
65,6.27,1,0,1,1
60,6.07,1,0,1,0
30,6.36,0,1,2,0
71,7.81,0,0,1,0
72,4.95,0,0,0,0
86,4.34,0,1,0,0
74,8.23,0,0,0,0
38,5.46,0,0,0,0
41,4.69,0,1,2,0
64,8.32,0,1,0,0
64,7.58,1,1,1,0
68,0.76,0,0,0,0
80,5.28,0,1,2,1
39,7.59,1,0,0,0
85,7.69,0,1,0,1
18,5.01,0,0,0,0
23,9.15,1,1,0,1
88,4.46,0,0,1,0
85,5.58,0,1,0,0
39,6.29,0,0,2,1
28,6.03,0,1,2,0
40,7.64,0,0,1,1
21,8.07,0,0,0,0
82,5.95,0,1,2,1
65,8.83,0,0,0,0
60,4.68,1,1,0,0
35,5.62,1,1,2,0
51,9.47,1,0,0,1
31,6.24,1,1,0,1
73,8.17,0,1,0,1
52,5.19,1,1,0,1
20,5.53,0,0,2,0
36,5.84,0,1,2,0
68,6.4,1,0,1,1
55,5.38,1,0,2,1
44,6.09,0,0,1,0
36,7.39,0,1,1,0
24,8.46,0,0,0,1
61,6.28,0,1,0,0
65,7.35,0,0,1,1
55,7.88,0,1,2,1
85,3.92,1,1,0,1
84,2.93,0,0,0,0
32,9.28,0,1,1,0
61,8.69,1,1,2,1
63,6.18,0,0,1,0
35,6.77,0,1,2,1
39,4.19,0,1,1,0
53,3.31,1,0,0,0
71,6.7,0,1,1,0
39,3.11,1,1,2,1
69,7.88,1,1,1,1
65,4.71,0,1,0,1
33,6.64,1,0,2,0
45,9.91,0,1,0,1
77,9.82,0,1,2,1
78,5.52,0,0,2,1
65,8.19,0,0,0,1
18,4.01,0,1,0,0
67,4.9,0,1,1,1
34,6.8,0,1,0,0
77,8.82,0,0,1,1
83,4.92,0,0,0,0
48,7.14,0,0,0,0
86,6.26,0,0,2,1
72,3.54,1,0,1,0
41,5.79,1,1,2,1
81,9.04,0,1,1,1
45,5.87,1,1,1,1
25,7.06,0,0,2,1
60,7.71,1,0,1,1
79,4.59,0,1,0,0
65,8.51,1,0,2,0
46,9.05,0,1,2,1
82,9.24,1,1,0,1
52,8.67,1,1,0,1
45,5.13,1,1,1,1
28,4.88,0,0,0,0
33,4.49,1,0,2,1
68,4.24,0,1,0,0
75,4.46,1,1,0,1
39,8.02,0,0,1,1
63,8.96,1,0,0,1
80,4.77,1,0,0,0
28,7.66,0,1,0,0
37,3.52,1,0,0,0
55,5.39,0,0,2,0
58,4.06,1,1,0,0
46,2.79,0,0,2,0
46,6.15,0,0,0,0
27,6.19,1,0,1,0
62,5.22,1,0,1,1
85,4.99,0,1,2,0
32,4.07,0,1,0,0
75,5.77,1,0,1,1
30,4.83,0,0,2,0
21,6.51,0,0,1,0
71,3.62,0,1,1,0
31,6.48,1,1,1,1
72,7.05,1,1,1,0
41,8.5,1,1,1,1
58,8.12,1,0,1,1
85,6.4,0,0,2,1
84,4.66,1,0,2,1
52,2.37,1,0,0,1
32,6.01,1,1,2,1
36,8.84,1,0,1,1
79,9.33,0,0,2,1
60,0.94,0,0,1,0
30,4.51,1,0,1,0
81,5.32,1,1,2,1
87,3.94,1,1,1,1
87,6.39,0,1,1,1
62,6.09,1,1,1,0
88,4.98,0,0,2,0
61,5.94,1,0,1,0
54,2.83,1,0,1,0
87,4.07,0,1,2,0
61,4.22,1,1,2,0
74,7.81,1,0,1,0
42,2.76,1,1,2,1
74,5.59,1,0,1,0
88,7.57,1,1,0,0
21,5.9,0,0,2,1
56,7.63,0,0,2,0
44,4.71,1,1,2,0
21,6.88,0,1,0,0
24,7.82,1,0,2,0
37,10.48,1,1,2,1
31,7.47,0,0,1,1
69,8.87,1,1,0,1
33,6.04,0,0,0,0
63,6.21,1,1,0,1
79,9.15,1,1,2,1
53,7.19,1,0,0,1
27,8.86,0,0,1,0
22,7.44,0,1,2,0
39,10.27,1,0,1,0
47,10.79,0,1,2,1
53,4.36,0,1,0,1
40,9.75,0,1,2,1
79,6.9,0,0,0,0
58,6.99,1,1,1,1
87,5.8,1,0,2,0
85,7.47,1,1,2,1
68,3.82,1,1,0,1
19,4.59,1,0,2,1
33,4.51,1,0,0,1
71,6.62,0,1,0,0
57,7.89,0,0,2,0
85,7.52,1,0,0,1
68,6.79,1,0,2,1
77,4.87,0,0,1,0
21,2.53,0,1,2,1
39,6.86,1,0,2,1
66,6.35,1,1,2,1
63,6.77,1,0,1,1
44,8.91,1,0,1,1
29,5.69,1,1,1,1
60,5.65,1,0,2,1
24,1.43,1,0,1,1
66,7.18,1,1,2,1
75,5.96,0,1,2,0
66,4.58,0,1,0,0
22,6.83,0,1,2,0
55,3.97,0,0,1,0
39,4.98,0,1,0,0
57,9.98,1,0,2,1
67,7.56,0,0,0,1
32,7.91,0,0,0,1
20,7.56,1,1,1,0
53,7.34,0,0,2,0
62,6.44,1,1,0,1
27,10.63,1,0,0,1
84,5.91,0,0,2,1
52,7.52,1,0,2,1
87,5.61,1,0,1,0
56,5.35,0,0,1,0
70,1.17,1,1,0,1
73,2.2,0,0,1,0
53,9.14,0,1,2,1
46,9.02,1,1,1,0
66,5.17,0,1,1,0
19,5.98,0,0,0,0
62,7.27,1,1,1,1
55,4.05,1,1,1,1
28,9.58,0,0,1,0
32,3.96,0,0,2,0
20,4.6,1,0,1,1
71,0.51,1,1,2,0
67,9.06,1,1,1,1
45,6.15,1,1,2,1
86,9.28,0,0,2,1
45,4.03,0,0,1,0
40,6.71,1,1,2,1
83,6.18,1,0,0,0
23,6.43,0,1,0,1
46,10.18,0,1,0,0
19,10.56,0,1,2,0
43,8.79,0,1,0,0
70,5.23,0,1,0,1
43,7.81,1,0,1,1
53,8.72,0,1,1,1
52,7.14,0,1,0,1
22,7.16,0,0,1,0
24,6.99,1,0,0,1
39,4.22,0,0,0,0
57,6.51,1,1,0,1
23,9.23,0,0,0,0
84,4.03,0,0,0,0
79,6.19,1,1,1,1
58,7.69,1,0,0,0
70,3.29,1,1,1,1
71,5.75,0,1,0,0
18,2.63,1,1,2,0
86,4.81,0,1,2,1
21,3.2,0,0,2,0
78,4.22,1,1,2,0
77,5.04,1,0,0,0
71,5.46,1,1,1,0
27,5.6,0,0,2,0
76,1.2,1,1,1,0
87,9.19,0,1,0,1
77,5.46,1,0,0,1
67,3.81,0,1,1,0
36,4.75,0,1,2,0
57,6.62,1,1,2,1
52,4.0,0,1,2,1
80,5.17,1,0,1,0
42,5.06,1,1,0,1
47,7.08,1,0,2,1
36,4.5,0,0,2,0
53,6.91,0,1,1,0
59,6.7,0,1,0,1
51,5.7,1,0,0,0
40,8.48,1,0,0,0
57,6.04,0,0,1,0
62,3.64,1,0,1,0
30,6.6,1,1,1,1
59,6.25,1,0,0,1
68,5.92,1,0,1,1
25,6.46,1,0,2,1
62,10.7,1,0,1,1
49,6.47,1,0,0,0
85,6.92,1,1,0,1
46,5.51,0,0,0,0
40,8.62,0,0,0,0
68,5.89,0,0,0,0
80,4.4,1,0,2,1
24,3.55,1,0,2,0
25,7.05,1,0,2,1
30,7.49,0,1,0,0
42,2.82,1,1,1,0
54,4.55,0,1,0,1
58,7.28,1,1,2,1
47,8.05,0,0,0,0
81,3.36,0,1,0,1
65,5.18,1,0,2,0
29,7.66,1,0,1,1
41,4.93,0,0,2,1
32,5.1,0,0,1,0
32,4.92,1,0,0,1
78,3.38,0,0,2,0
85,6.09,1,0,0,1
49,6.61,1,0,2,1
35,3.19,0,0,2,0
78,6.2,0,0,0,0
28,8.21,0,0,1,1
27,6.41,0,1,0,1
38,7.89,1,0,1,1
44,4.9,1,0,2,1
42,8.73,0,0,2,0
38,4.42,1,1,0,0
34,9.77,0,1,1,1
63,5.1,1,0,1,0
56,4.56,0,0,2,0
65,4.21,0,1,2,1
85,5.17,1,0,0,0
85,5.01,1,1,1,1
27,4.62,1,0,1,0
74,5.34,1,0,0,1
47,7.32,1,0,2,0
77,7.76,1,1,0,1
66,5.32,1,0,2,0
22,8.46,1,0,2,1
81,4.0,1,0,0,0
84,3.94,1,1,2,1
89,3.73,0,1,0,0
22,7.2,0,0,1,1
28,2.89,1,0,1,1
63,3.2,0,1,2,1
56,8.55,0,1,2,1
24,9.42,0,0,2,0
81,8.68,1,0,1,1
34,3.01,0,1,0,1
21,6.01,1,0,0,1
80,7.65,0,1,0,1
60,6.18,1,1,2,1
19,2.75,0,0,0,0
30,5.3,1,0,2,1
81,2.59,1,1,1,0
73,3.52,0,1,2,0
80,10.29,0,1,0,1
85,7.34,1,0,0,1
39,3.05,1,0,1,0
56,2.98,1,1,1,1
44,6.9,0,1,1,1
18,4.76,1,0,1,0
34,7.14,0,1,2,1
22,4.69,0,0,0,0
26,5.58,1,0,0,0
47,6.46,0,0,2,1
83,3.91,1,1,0,1
79,2.14,0,1,0,0
64,3.59,0,0,1,0
35,4.58,0,1,0,1
27,5.57,0,1,0,0
66,5.86,1,1,2,1
70,5.84,0,0,1,1
47,7.0,1,0,1,0
27,4.19,0,0,2,1
37,8.76,1,1,0,1
89,9.98,0,0,1,1
68,6.7,1,1,0,0
58,6.35,0,1,0,0
40,8.47,1,1,1,1
79,7.27,1,0,0,1
44,6.35,1,0,0,1
50,5.63,0,0,0,0
73,4.49,0,1,1,0
47,3.63,0,1,2,0
53,7.3,1,0,0,0
20,8.34,0,0,1,0
74,3.85,0,1,0,1
38,5.82,1,0,1,1
55,6.4,1,1,0,1
57,5.12,1,0,1,0
29,4.45,1,1,1,0
35,5.18,0,0,0,0
49,2.03,0,0,0,0
25,5.85,1,0,0,0
80,5.38,0,1,2,1
42,10.2,1,1,2,1
58,7.84,0,1,0,1
28,5.28,0,1,1,0
87,5.95,0,0,2,1
52,9.4,1,1,1,1
18,9.18,0,1,2,1
43,6.33,1,0,0,0
42,5.71,0,1,1,1
34,3.08,1,1,0,0
73,5.31,0,1,0,1
88,5.63,1,1,1,0
67,4.49,1,0,2,0
31,9.43,0,1,1,1
58,2.21,0,0,1,0
51,5.69,1,0,2,1
65,6.78,1,0,1,1
78,6.84,1,1,0,1
81,9.34,1,0,2,1
75,3.17,0,1,0,1
67,4.47,1,1,2,1
50,6.16,0,1,0,0
57,6.23,0,0,1,0
30,5.19,0,0,0,0
58,4.44,0,0,1,0
54,8.11,0,0,0,0
65,3.86,1,1,2,1
51,4.81,0,1,0,0
41,8.84,1,0,1,1
54,9.43,1,1,0,1
66,7.71,1,0,0,0
32,4.24,1,1,2,0
62,4.26,1,1,2,1
43,4.17,0,0,1,0
74,3.7,1,1,1,0
60,5.13,1,1,0,0
52,8.5,0,1,1,1
20,6.41,0,1,0,0
19,4.45,1,1,2,0
35,4.41,0,0,1,1
56,3.61,0,0,2,1
52,8.37,1,0,2,1
79,1.92,1,0,0,0
27,6.5,1,0,2,1
64,3.08,1,0,0,0
46,3.83,1,0,1,0
64,2.97,1,1,0,0
24,7.88,0,1,0,0
46,5.78,1,0,2,0
28,11.43,1,1,0,1
43,3.87,1,1,1,1
31,3.75,1,1,2,1
69,7.12,1,0,1,0
66,7.06,1,1,2,1
23,5.37,1,0,2,0
39,1.89,1,1,2,1
80,8.82,0,1,0,1
82,7.07,1,1,2,0
81,6.73,1,0,0,0
26,4.74,0,1,1,0
87,7.21,1,0,1,1
47,4.8,0,0,1,0
27,6.01,0,0,1,0
69,5.54,1,1,2,1
26,8.43,1,1,0,1
20,4.97,0,1,2,0
82,5.22,0,1,1,0
26,8.12,1,0,0,1
46,6.36,1,0,0,1
81,5.86,1,1,0,1
37,5.42,0,1,1,1
38,7.8,0,0,0,0
45,4.6,0,0,2,0
73,6.84,0,1,0,1
65,9.96,1,1,1,1
39,6.69,0,0,0,0
29,4.32,1,1,1,0
49,3.49,1,1,1,0
53,6.18,0,1,2,1
48,3.43,0,0,0,0
65,2.7,1,0,1,1
25,4.36,0,1,1,0
69,3.69,0,0,1,0
56,7.63,1,0,1,1
18,2.97,1,0,0,0
66,9.04,1,1,2,1
76,4.37,0,0,1,0
43,6.11,0,1,0,0
49,7.22,0,1,2,1
59,6.32,0,1,1,0
49,7.31,0,1,2,1
55,3.89,1,1,0,0
58,1.32,0,1,2,0
60,5.46,1,1,0,0
38,2.49,0,1,1,0
25,4.69,1,0,1,1
81,7.74,0,0,1,0
50,5.46,1,1,0,0
33,4.66,0,0,0,0
89,3.59,1,0,2,0
57,5.26,0,0,2,0
41,5.5,1,1,1,0
30,2.68,1,1,0,0
18,6.43,0,1,2,1
62,3.69,1,0,0,0
62,6.28,1,0,0,0
82,4.93,0,1,0,0
88,7.82,0,0,0,0
81,7.55,0,0,0,1
22,5.86,1,0,1,1
27,5.62,1,0,0,0
60,6.72,0,1,1,1
62,8.61,0,0,1,0
33,7.98,1,1,0,1
82,6.18,1,1,1,1
85,6.5,1,1,2,0
32,9.03,1,1,0,0
64,2.61,1,1,0,0
47,6.97,0,0,0,0
58,4.09,1,0,0,1
69,8.61,0,0,0,1
54,4.91,1,0,1,0
71,5.68,1,1,2,1
37,3.74,1,0,2,0
50,5.95,1,1,1,0
28,7.51,0,1,1,0
63,9.28,0,1,0,0
46,3.41,1,0,1,0
66,5.06,0,0,1,0
88,13.77,0,0,0,1
43,7.84,0,0,0,0
74,5.95,1,1,1,0
64,7.01,1,0,1,1
71,0.64,1,1,2,0
59,9.21,0,0,0,1
37,6.3,0,1,2,0
68,3.11,1,0,0,0
43,8.32,1,0,1,0
54,4.73,1,1,1,1
57,3.93,1,0,1,0
42,7.04,0,1,2,0
52,6.8,1,0,1,1
49,5.08,1,0,1,1
37,5.85,1,1,2,1
84,3.31,0,0,1,0
84,3.1,0,1,2,0
31,7.8,0,0,0,1
42,8.63,0,0,0,1
28,6.86,0,1,2,0
31,6.75,1,1,2,1
18,5.21,1,0,1,1
44,5.74,0,0,1,0
79,4.13,1,0,1,0
32,9.52,1,0,1,0
89,4.86,1,0,0,0
78,6.82,0,1,2,1
35,6.0,1,1,1,1
18,3.2,0,1,0,0
37,9.88,1,1,2,1
48,5.25,0,0,0,1
32,4.46,0,0,2,0
65,6.23,1,1,1,1
61,4.2,1,0,0,0
71,6.06,0,1,1,1
52,4.08,0,1,2,1
58,7.13,1,1,0,0
77,6.11,0,0,1,0
60,3.26,0,1,0,1
33,8.08,0,1,0,1
80,6.39,1,0,1,0
81,3.79,0,1,2,0
58,6.72,1,0,0,0
51,6.87,0,0,1,0
64,9.73,0,0,2,1
76,4.28,1,0,0,0
73,7.72,1,1,1,0
75,5.82,1,0,0,0
37,7.25,0,1,0,0
83,5.49,0,0,2,0
20,5.9,0,1,2,0
53,7.01,0,1,2,1
48,3.63,1,0,2,1
61,1.8,1,0,1,1
64,6.0,1,0,0,1
58,5.13,0,0,1,0
22,6.2,1,1,0,1
31,7.31,0,1,2,0
55,5.59,1,0,1,1
54,8.42,0,1,1,0
32,5.95,0,1,0,0
84,6.26,0,0,2,1
28,7.71,0,1,2,1
83,7.22,0,1,1,1
63,5.87,0,0,1,0
19,6.3,0,0,1,1
45,4.53,1,0,1,0
65,4.82,1,0,1,0
29,6.26,1,1,0,1
41,7.69,0,0,0,0
80,5.19,0,0,1,0
27,7.75,0,0,0,0
85,9.96,1,0,0,1
28,10.38,0,0,1,0
49,6.13,0,1,2,0
75,8.19,0,0,0,0
21,7.31,1,1,0,0
87,7.66,0,0,1,0
62,7.77,1,1,1,1
55,7.14,0,1,2,1
68,7.75,1,0,0,1
45,6.48,0,0,2,0
73,5.58,1,0,2,0
54,6.61,1,1,0,0
25,7.09,0,0,2,1
77,8.56,0,1,0,0
79,6.85,1,1,1,1
71,7.6,0,1,2,1
69,8.97,1,0,1,1
22,4.24,0,1,2,0
23,5.59,0,1,1,1
33,7.19,1,1,1,1
42,6.16,1,0,1,0
80,4.08,0,1,2,0
23,8.09,0,1,0,1
53,5.97,0,0,2,1
87,4.1,1,1,0,0
65,9.91,0,0,0,0
71,3.54,1,1,1,1
73,6.08,1,0,2,1
45,4.76,1,0,2,1
63,6.32,0,1,1,1
26,7.23,0,1,1,1
70,4.46,1,0,1,0
35,5.89,1,1,0,1
57,5.84,1,0,1,1
68,4.09,1,0,2,1
34,8.43,1,0,1,0
79,6.44,0,0,2,1
31,5.52,0,0,2,0
67,4.76,0,1,0,0
89,5.42,0,0,0,1
69,6.38,1,0,2,1
18,5.16,0,1,0,0
67,8.59,0,1,2,1
67,0.99,0,1,0,0
29,1.79,0,0,1,0
81,5.57,0,0,2,1
86,2.39,0,0,1,0
34,5.95,1,0,2,1
75,4.77,1,0,1,1
21,7.25,1,1,1,1
70,6.92,0,0,0,0
46,8.71,0,0,2,1
28,7.93,0,1,1,0
41,8.6,1,1,2,0
79,7.15,0,1,0,1
51,8.23,1,1,1,0
65,7.09,0,1,0,0
48,4.91,0,1,2,1
30,3.58,1,0,1,1
85,3.66,1,0,1,0
26,7.06,1,0,0,0
26,1.31,1,1,1,1
47,6.44,1,0,1,1
85,4.58,0,1,0,0
55,7.56,1,1,1,1
21,6.49,0,0,1,0
84,4.59,0,0,1,0
85,6.12,1,0,0,0
54,1.53,0,1,1,0
41,6.63,1,1,1,1
30,7.02,0,1,0,0
70,2.41,1,1,1,1
21,7.81,0,1,2,1
18,5.85,1,0,1,0
88,6.44,1,0,0,1
50,3.25,1,0,2,1
44,7.31,0,0,2,0
66,7.26,1,0,2,1
20,6.07,0,1,2,1
63,4.13,1,0,0,0
39,7.63,1,0,2,0
76,8.6,1,1,2,1
44,6.91,1,1,0,0
29,8.11,0,1,2,0
51,4.94,0,1,2,1
46,6.42,0,1,2,1
63,6.87,0,0,2,1
62,6.41,0,0,1,0
19,11.77,0,0,0,1
20,6.97,1,0,0,0
50,5.01,1,1,0,0
78,7.8,0,0,2,1
67,3.97,1,1,0,0
47,6.89,1,0,2,1
67,7.7,0,1,0,1
35,5.18,1,0,2,0
42,5.52,1,0,0,0
34,4.29,0,0,1,0
43,6.44,1,1,2,1
64,4.82,0,1,0,1
30,9.65,0,0,1,0
21,7.48,0,0,1,1
67,5.74,1,0,0,1
35,3.36,1,0,0,0
45,10.27,0,1,0,1
39,8.81,0,0,1,1
36,7.15,1,0,0,1
36,6.6,0,1,0,0
34,6.55,0,0,0,0
70,5.27,1,0,2,1
48,9.97,1,1,1,0
60,6.62,0,0,0,0
49,3.33,1,0,1,0
83,4.89,1,0,1,1
60,1.04,0,0,1,0
68,7.53,0,0,2,0
87,7.74,1,1,2,1
39,9.75,0,0,0,0
50,10.41,0,0,2,1
41,4.64,1,0,1,0
34,7.11,1,0,0,1
26,8.2,1,0,0,0
53,7.79,1,0,2,0
35,5.18,0,0,2,0
21,7.81,0,1,1,1
61,7.19,1,0,0,1
56,8.92,1,1,0,1
70,6.14,0,0,0,1
37,5.72,1,1,0,1
39,5.17,0,0,0,0
64,5.43,0,0,2,0
42,4.65,1,1,1,1
30,5.5,1,0,2,1
75,7.19,1,1,0,1
31,7.1,1,0,1,1
87,8.82,1,0,2,1
76,8.36,0,0,1,0
24,7.42,0,1,2,1
73,3.86,1,1,0,1
23,7.31,1,0,2,0
50,8.49,0,1,2,0
72,3.55,1,0,2,0
44,3.92,0,1,0,0
53,4.24,0,0,0,1
22,4.07,0,1,1,1
48,5.56,1,1,0,1
55,4.26,0,0,2,0
63,6.91,1,1,1,1
60,3.7,0,1,1,0
72,5.87,1,1,1,1
56,5.12,1,1,2,0
23,4.18,1,1,2,0
79,8.19,1,1,1,1
87,6.17,0,1,2,1
71,7.2,0,0,2,1
86,5.45,1,1,0,1
75,7.52,0,1,0,1
47,7.34,1,0,2,1
71,5.81,0,1,0,0
51,2.56,1,1,2,0
87,7.76,1,0,2,1
37,7.5,1,1,2,1
51,6.48,0,0,0,0
60,6.6,0,1,1,1
70,6.36,0,1,2,0
32,6.5,1,1,1,1
38,4.1,1,1,1,1
56,6.0,0,1,1,0
80,6.75,0,0,0,1
83,4.89,1,0,1,1
51,4.17,1,1,2,1
54,9.83,0,0,0,1
30,7.33,0,0,1,0
77,5.5,0,0,2,1
37,5.13,1,1,0,1
30,0.83,1,0,2,0
66,3.26,0,0,2,0
81,5.62,1,1,2,0
61,8.69,1,1,0,1
26,2.0,0,0,0,0
76,4.72,1,0,1,1
33,9.95,1,1,0,1
69,7.46,1,0,0,0
69,6.95,1,1,1,1
74,8.51,0,1,0,1
39,5.88,1,0,2,0
43,5.76,0,1,1,0
26,7.55,0,1,0,0
74,7.82,1,1,2,1
24,3.99,1,1,2,0
21,9.18,1,0,2,1
75,2.63,1,1,2,1
30,4.73,0,0,0,0
19,12.27,0,1,1,1
41,5.1,0,0,0,0
22,7.43,1,1,2,1
85,4.12,1,0,1,1
86,5.48,1,1,0,0
89,4.68,1,0,0,1
74,5.33,1,1,2,1
64,7.44,1,0,1,1
44,9.62,1,0,0,1
64,7.87,0,1,2,1
31,9.24,1,0,1,1
22,5.11,0,0,2,0
80,9.06,1,1,1,0
85,7.25,0,0,0,1
74,8.87,0,0,1,0
30,5.29,1,0,0,0
66,5.66,0,1,1,1
84,8.86,1,0,1,0
56,7.34,1,0,0,0
18,6.33,1,1,2,1
55,4.75,1,0,1,1
89,5.91,0,0,2,0
88,7.08,0,0,2,1
74,7.55,0,1,0,0
55,4.99,0,0,0,0
29,5.42,1,1,2,1
24,6.95,0,0,1,0
50,3.87,1,0,2,1
23,7.96,0,1,0,1
87,6.06,0,0,2,0
60,5.79,1,1,0,1
89,1.23,0,0,1,1
70,2.85,1,1,2,1
50,3.96,0,0,1,0
63,4.86,1,0,0,0
36,3.82,0,0,0,1
71,6.76,1,1,2,1
46,6.27,1,0,1,1
39,5.47,1,0,2,0
60,1.93,0,0,1,0
44,8.8,0,0,1,0
51,5.44,1,1,2,0
37,7.18,0,0,2,0
56,4.66,1,1,0,1
44,5.99,0,1,2,1
30,7.39,0,1,1,1
37,6.47,0,1,1,0
32,7.92,0,0,0,1
78,5.63,0,1,1,1
35,9.98,1,1,2,1
28,2.21,1,0,2,0
44,4.89,1,1,1,1
32,7.95,0,0,1,0
71,5.49,1,0,0,0
69,5.1,1,0,2,0
45,2.44,0,0,0,0
46,8.38,1,0,0,0
44,2.19,1,0,2,1
42,7.0,1,1,2,0
20,6.37,0,0,1,0
88,7.73,1,1,0,1
64,8.89,0,0,1,0
82,4.57,0,0,1,0
84,4.35,1,0,1,0
33,5.33,1,0,2,1
34,2.53,0,0,0,0
29,7.61,1,1,2,1
37,5.17,0,0,0,0
53,6.28,1,0,0,1
77,3.7,0,1,2,0
59,5.97,0,1,0,1
48,4.7,0,0,0,0
42,5.79,1,1,1,1
77,3.76,1,0,0,1
60,7.99,1,1,1,1
49,4.64,1,0,2,0
66,0.82,0,1,0,0
89,7.22,0,1,2,1
76,5.33,1,0,2,1
48,4.16,1,0,0,0
35,10.93,0,0,1,0
40,5.82,0,1,0,0
64,3.24,0,0,2,0
77,4.69,1,1,2,1
22,6.68,0,0,2,0
80,5.46,0,1,2,1
22,8.4,1,1,0,0
60,8.04,0,0,2,1
21,4.33,1,0,1,0
26,5.99,1,0,0,0
26,7.2,1,0,1,0
18,5.09,1,0,0,0
74,4.99,0,0,1,1
49,7.67,0,1,1,0
44,6.82,1,0,2,1
69,3.11,0,1,1,0
53,4.82,0,0,1,0
45,5.09,0,0,0,0
50,5.68,1,1,2,1
49,4.48,0,0,2,1
32,8.6,1,0,1,0
70,3.98,1,1,0,0
21,3.74,1,1,1,0
18,6.34,1,0,0,0
31,1.41,0,1,0,0
70,3.85,0,0,0,0
79,7.17,1,1,1,1
73,3.27,0,0,2,0
42,4.23,1,1,1,1
60,8.09,0,1,0,1
48,6.84,1,1,0,1
26,6.04,1,0,1,0
37,6.41,1,1,2,1
29,4.57,0,1,2,0
71,6.55,0,1,2,0
76,5.53,1,1,2,0
68,10.93,0,0,0,1
89,7.01,1,0,2,0
45,5.26,0,1,2,0
29,5.83,0,0,0,0
54,6.05,0,0,0,0
59,3.18,1,0,2,1
46,4.3,1,1,1,1
64,9.0,0,1,1,0
59,3.14,0,1,1,0
64,4.79,1,1,0,1
60,8.0,0,0,2,0
77,8.97,1,0,1,1
59,3.91,0,1,0,1
73,8.88,0,0,1,1
82,5.23,0,0,2,0
80,9.27,1,1,0,0
86,6.96,1,0,0,1
52,5.4,1,0,1,1
21,7.42,0,0,1,1
68,7.09,0,1,1,1
45,4.42,0,1,1,0
42,10.27,0,1,0,0
20,5.28,1,0,2,0
22,8.28,1,1,0,0
44,5.0,0,0,1,1
25,2.32,1,0,1,0
75,3.73,1,0,2,1
18,5.77,0,1,1,0
66,7.34,1,0,0,1
55,9.5,1,0,0,0
58,6.14,1,0,2,0
54,5.41,1,0,2,0
24,3.51,1,1,1,1
20,5.88,0,1,0,0
76,6.57,1,1,0,0
85,1.54,1,0,1,0
62,8.58,1,1,1,1
26,8.25,0,1,2,0
39,10.53,0,0,1,1
60,4.15,0,1,2,1
74,6.05,0,0,1,1
23,6.0,1,0,2,1
20,3.31,1,1,1,1
72,4.27,0,1,0,0
31,3.99,1,1,0,0
51,6.99,1,1,2,1
74,6.83,1,0,2,1
88,8.66,1,1,0,0
21,5.16,1,1,0,0
80,3.16,0,0,1,0
27,6.84,0,0,1,1
19,6.7,1,1,1,1
54,7.29,1,0,0,0
23,8.45,0,0,1,0
69,4.79,1,0,0,0
43,7.56,1,1,0,0
60,3.95,1,0,2,0
72,6.27,0,0,2,1
20,7.34,0,0,0,0
77,5.73,1,0,0,1
37,6.39,0,0,1,0
26,3.17,0,1,2,0
68,4.65,0,1,0,0
56,6.26,0,0,0,1
43,3.55,0,0,2,1
27,4.24,1,0,2,0
31,10.82,0,0,0,1
51,6.47,0,0,0,0
18,4.3,1,1,2,1
68,3.87,0,0,2,0
36,8.7,1,0,2,1
36,0.31,0,0,2,0
85,5.18,1,0,2,1
40,7.09,0,0,1,0
21,4.69,0,1,1,0
64,6.85,0,1,2,0
57,3.69,0,1,2,0
89,5.76,0,1,2,1
83,5.86,1,0,1,1
20,5.8,0,0,2,0
68,6.06,0,0,1,0
29,5.84,0,0,2,0
38,8.0,0,0,2,1
48,5.23,0,0,0,1
64,4.57,1,1,1,1
45,5.19,0,1,0,0
26,5.14,0,0,2,0
31,2.69,0,1,0,0
53,1.92,0,0,0,0
49,3.03,0,1,1,1
36,6.31,0,0,2,0
70,4.4,1,1,0,1
81,4.91,0,1,1,1
45,11.48,0,1,2,1
80,7.99,0,1,2,0
74,5.31,0,0,0,1
72,4.47,1,1,2,1
25,8.49,0,0,2,1
45,4.17,0,1,2,0
80,8.21,0,1,1,1
75,6.91,0,0,0,0
39,8.51,1,1,1,1
88,4.28,1,1,1,0
39,7.54,1,1,1,1
44,2.1,0,1,1,0
69,5.38,1,1,1,0
55,7.89,1,0,0,1
57,7.12,1,0,2,0
29,2.05,1,1,2,0
30,7.1,0,0,0,1
25,6.64,0,1,0,1
79,5.6,1,0,0,1
69,4.28,1,0,0,1
47,5.16,0,1,1,1
22,4.57,0,0,1,0
77,7.62,1,1,0,1
61,6.65,1,0,1,0
20,7.86,0,0,2,0
26,7.1,0,0,2,0
38,3.15,1,0,1,0
66,5.99,1,0,0,1
68,10.01,1,1,0,1
72,3.5,1,1,0,0
23,6.28,1,0,1,1
85,4.16,1,1,2,1
31,3.94,1,0,0,0
46,6.14,0,1,0,0
48,7.56,0,1,2,1
46,7.26,0,1,1,1
40,6.64,1,1,1,0
46,7.62,1,0,0,0
56,2.46,1,1,0,0
68,7.35,0,0,2,0
78,6.53,1,1,0,0
74,5.35,0,0,0,0
53,5.69,1,1,2,0
26,4.01,1,0,2,0
37,8.05,1,1,1,1
41,4.21,0,1,2,0
60,2.76,0,1,0,0
21,5.7,1,1,2,1
62,4.55,1,1,0,1
34,5.57,1,1,1,0
45,8.74,1,0,0,1
70,5.44,1,1,2,1
84,5.96,0,1,2,1
85,10.26,1,0,1,0
32,2.91,1,1,2,0
88,6.46,1,0,0,1
54,8.06,1,1,2,1
22,8.76,1,1,0,1
68,10.22,1,0,0,1
46,4.41,0,0,1,0
65,6.95,1,0,1,1
80,5.54,0,0,0,1
35,4.82,1,0,1,0
54,4.28,1,0,1,0
81,2.8,0,0,2,0
43,6.4,1,0,1,1
24,7.25,0,0,1,0
74,3.6,0,1,0,0
56,7.26,1,1,2,0
80,4.63,0,1,1,1
53,3.7,1,0,0,0
28,0.47,0,1,0,1
66,7.96,1,1,1,1
55,7.18,0,1,1,1
70,5.11,1,1,1,0
28,4.96,0,1,0,0
34,3.13,1,0,1,0
30,6.78,1,0,1,1
82,5.62,1,0,0,0
56,6.83,1,1,0,0
41,6.11,0,0,2,0
36,2.92,1,1,0,0
48,2.62,1,1,0,0
75,6.6,1,0,2,0
61,2.36,1,1,1,1
44,6.31,1,0,0,1
50,7.59,1,0,2,1
31,3.19,0,1,2,0
48,7.14,1,0,1,0
63,5.88,0,1,0,0
52,6.87,0,0,1,1
36,4.53,0,1,0,1
27,5.78,0,0,1,0
22,6.68,0,1,0,0
19,9.51,0,1,2,1
89,7.32,1,0,0,0
88,6.85,1,0,2,0
31,3.24,1,0,2,1
84,6.53,1,0,2,1
27,4.49,0,0,1,0
42,5.73,1,0,2,1
52,6.41,1,0,2,1
67,7.83,0,0,0,0
18,7.08,0,1,1,0
43,6.27,1,0,2,0
74,5.78,1,0,0,1
67,8.63,1,1,1,1
23,4.11,0,1,2,0
60,5.98,0,0,2,1
20,8.68,1,1,0,1
60,5.52,1,0,2,1
87,7.58,1,0,1,1
35,7.71,0,0,0,1
55,9.9,0,0,2,1
25,8.19,0,1,0,0
84,2.59,1,1,0,1
49,5.91,1,0,1,1
82,6.5,0,1,2,0
75,7.57,1,0,0,1
70,6.68,1,1,2,1
60,9.69,1,1,2,1
20,8.11,1,0,2,1
65,3.5,0,0,1,0
64,4.6,1,0,0,1
81,1.71,0,0,1,0
22,9.35,1,1,1,1
53,5.59,1,1,1,0
18,5.55,1,0,0,0
31,2.63,0,1,1,0
78,4.92,1,1,1,1
61,6.65,1,0,2,1
40,4.95,1,1,2,1
62,4.96,1,0,2,0
71,4.49,1,1,2,1
54,9.73,1,0,1,1
56,4.61,0,0,2,1
82,2.77,0,1,0,0
74,4.65,0,1,1,0
76,4.97,1,0,0,0
64,5.48,1,0,1,1
80,5.16,1,1,0,1
88,3.38,0,1,0,0
79,5.23,1,0,0,1
52,6.41,0,1,1,1
52,2.79,0,1,1,0
79,9.63,0,1,1,1
28,9.06,0,1,1,0
77,1.94,0,0,0,0
33,4.87,1,0,2,1
60,7.66,1,1,2,1
80,8.34,1,0,1,1
54,9.24,1,1,1,1
29,1.87,1,1,2,1
48,3.36,0,1,1,1
66,4.57,0,1,2,0
64,6.73,1,1,0,1
20,3.44,0,1,2,0
32,6.5,0,0,2,0
82,6.55,1,1,1,1
49,7.1,0,1,1,0
45,3.03,0,0,2,0
64,6.05,0,0,1,0
75,5.8,1,0,0,1
40,4.81,1,1,2,0
51,8.32,0,0,0,1
33,5.09,1,1,2,0
26,8.63,1,0,1,1
25,4.49,1,1,2,0
51,9.17,0,1,2,0
75,9.06,1,1,0,1
26,4.05,1,0,0,0
81,6.42,1,0,1,1
20,6.38,1,0,0,1
78,3.76,1,1,2,1
38,7.35,1,1,0,0
68,6.97,1,1,1,1
46,4.0,0,1,0,0
61,5.98,0,0,1,1
24,7.59,1,1,0,1
22,5.47,1,1,0,0
25,4.35,0,1,2,0
81,9.14,0,0,1,1
19,3.82,0,0,1,0
52,6.51,1,1,1,1
52,8.11,0,1,1,1
67,7.44,0,0,2,1
32,2.11,0,0,2,0
26,5.18,1,0,0,1
18,5.59,1,0,1,0
71,5.43,1,0,1,1
42,7.15,1,1,2,1
28,6.98,1,1,2,1
28,6.16,1,0,2,1
87,6.44,1,1,2,1
28,7.96,1,0,0,0
69,8.45,1,0,1,1
58,2.07,0,1,0,1
56,10.36,0,0,0,1
32,4.81,1,0,0,0
65,7.52,0,0,1,0
22,2.63,1,0,0,1
34,4.9,1,1,0,0
30,3.4,0,0,2,0
53,8.16,1,0,0,1
29,7.76,1,1,0,1
24,5.97,1,1,1,1
48,5.62,1,1,0,1
38,6.75,0,1,1,0
48,4.06,1,1,2,0
38,4.73,1,0,1,0
36,4.41,1,0,1,0
29,7.63,0,1,0,1
48,6.02,1,0,1,0
47,3.38,0,0,2,0
54,6.67,1,1,2,1
22,7.04,1,0,0,1
54,8.79,1,1,1,1
19,4.84,1,0,0,0
25,6.79,0,1,2,1
41,10.2,0,0,0,0
71,5.31,1,1,1,1
89,5.23,0,1,1,1
25,7.0,0,1,1,1
70,4.95,0,1,2,0
79,5.97,1,1,1,0
48,4.94,0,0,0,0
85,4.37,1,1,0,1
32,7.75,1,0,1,0
22,5.2,1,1,2,0
26,3.92,1,0,2,0
29,5.38,0,1,2,0
47,5.67,1,0,1,1
89,6.56,0,1,1,1
65,7.85,0,0,2,1
48,9.55,0,0,2,1
77,3.47,0,1,2,1
39,5.45,0,1,0,0
51,2.25,0,1,1,0
86,6.39,0,0,0,1
79,7.0,0,1,1,1
61,4.61,0,0,0,0
76,4.07,1,0,2,0
51,3.91,1,0,0,0
79,2.88,0,0,2,0
60,7.19,0,1,1,0
41,9.78,0,1,0,1
21,3.59,1,0,1,0
51,9.21,0,0,0,1
76,5.66,1,1,2,0
29,3.07,1,0,2,1
46,7.02,0,1,0,0
60,7.42,1,0,1,1
69,6.67,1,0,2,0
21,5.34,0,1,0,0
38,9.25,1,1,2,1
51,5.29,1,0,2,1
58,7.15,0,1,1,1
29,7.17,0,1,0,0
52,4.04,1,0,0,0
52,2.1,0,1,0,0
61,2.34,0,0,0,1
31,5.04,1,0,0,0
64,6.56,0,0,0,0
18,2.23,0,1,1,0
75,4.37,0,1,1,1
48,8.94,1,1,1,1
19,2.19,1,1,0,0
48,6.76,1,0,1,0
29,6.54,1,1,0,0
56,7.42,0,1,1,0
51,2.84,0,0,0,0
26,6.5,0,1,0,0
42,2.99,1,1,0,0
53,8.52,0,1,0,1
47,4.06,1,1,0,1
39,6.58,0,1,2,1
55,4.19,1,1,2,1
23,6.09,1,0,2,0
23,2.69,0,0,1,0
47,6.38,1,1,1,0
37,7.03,1,1,1,0
66,5.78,1,1,2,1
29,9.08,1,0,1,1
39,6.55,1,1,0,1
20,7.39,0,0,0,0
69,6.83,0,0,1,1
87,9.61,0,0,0,0
74,4.47,1,0,2,1
30,5.26,1,0,2,0
19,5.36,0,1,2,0
69,7.06,1,1,0,0
33,6.34,0,0,1,0
56,7.51,1,1,1,1
38,6.42,0,0,1,0
66,4.77,0,0,2,0
60,5.69,1,1,0,1
43,6.71,1,1,0,1
53,1.18,0,0,0,0
20,8.65,0,0,1,0
58,4.68,0,1,0,0
39,5.12,1,1,1,1
23,6.37,0,1,1,0
48,5.34,0,1,2,1
38,2.9,1,1,1,0
85,5.39,1,0,1,0
29,8.68,0,0,1,1
48,8.0,1,0,0,0
71,8.39,1,0,2,0
38,4.75,0,1,0,0
67,5.44,0,0,2,0
41,8.03,1,0,1,0
39,8.91,1,1,1,1
45,5.96,0,1,0,0
81,3.93,0,0,0,0
44,1.97,1,0,2,0
27,8.81,0,1,1,1
23,2.81,1,1,2,0
19,6.8,0,1,2,1
52,7.75,0,1,1,1
44,12.59,0,0,2,1
48,6.33,0,0,1,1
66,5.71,1,0,1,1
51,6.9,1,1,0,1
86,7.0,0,1,0,1
66,8.71,0,1,2,1
54,7.38,0,1,2,0
39,4.41,1,1,0,0
27,1.65,1,1,2,1
52,6.59,1,1,1,0
61,4.59,1,1,1,1
26,8.88,1,1,2,1
19,3.29,1,1,2,1
20,6.4,0,1,0,0
76,4.49,1,1,0,1
33,4.19,1,1,2,0
41,9.42,1,1,2,1
60,6.34,0,0,1,1
25,5.62,0,1,1,1
74,7.52,1,0,2,1
28,4.38,1,1,1,0
28,5.24,1,0,1,0
77,4.68,0,0,0,0
33,10.08,1,1,2,1
83,6.68,1,0,1,1
79,7.3,0,0,1,0
31,8.3,0,1,0,0
30,5.62,0,1,2,1
89,5.68,0,1,1,1
32,2.62,0,1,0,0
79,6.99,0,0,0,1
86,6.53,1,1,2,1
41,5.15,0,1,0,0
35,8.48,0,1,2,1
21,2.3,0,0,0,0
55,6.86,0,0,0,0
28,3.14,0,1,0,0
54,3.63,0,0,2,0
49,5.56,0,0,2,1
86,8.75,1,1,1,0
32,3.53,0,0,1,1
72,3.92,0,0,1,1
31,3.48,0,0,2,0
58,10.16,0,0,0,0
37,7.07,1,0,1,0
56,6.83,0,0,2,1
81,10.27,1,0,2,1
47,6.51,0,1,0,1
20,1.63,1,0,2,0
27,4.94,0,1,2,0
84,3.51,1,0,0,0
61,10.19,1,0,2,1
50,3.05,0,0,1,1
25,6.62,1,0,2,1
71,4.92,1,0,1,0
89,5.07,1,0,0,0
54,6.03,0,0,1,0
86,5.71,0,0,0,0
86,4.57,0,1,0,0
63,3.42,0,1,1,1
31,4.63,0,0,2,0
49,3.82,0,0,2,0
36,4.1,0,1,2,1
81,6.23,1,1,2,0
54,5.67,1,0,1,1
27,6.98,0,1,0,1
54,5.49,0,0,2,1
78,9.98,0,1,0,1
41,4.46,1,0,1,1
80,3.9,0,0,2,1
39,8.11,0,1,2,1
66,4.51,0,1,1,0
24,6.24,1,0,0,0
25,8.01,0,1,1,1
54,5.77,0,1,0,0
69,5.24,1,1,0,1
77,7.99,1,0,0,1
83,6.66,1,1,2,1
80,4.87,1,0,1,1
40,3.48,0,0,0,0
47,5.18,0,0,2,1
21,2.52,0,0,0,0
88,4.16,0,0,2,1
27,3.69,0,1,1,0
87,6.58,0,0,0,0
66,7.55,0,1,1,1
41,4.61,0,0,1,0
41,5.05,1,1,1,1
26,3.67,1,0,2,0
39,3.09,1,1,0,1
78,5.06,0,0,0,0
57,7.13,0,1,1,1
85,6.93,1,0,1,0
76,7.18,1,0,0,0
64,5.39,0,1,2,1
67,0.28,1,1,0,0
87,7.88,1,0,1,0
24,8.7,1,1,1,1
52,7.85,0,1,1,0
69,7.84,1,0,2,1
55,8.24,0,0,1,0
34,11.54,0,1,2,1
23,6.64,1,0,1,0
38,9.21,0,1,0,1
44,7.66,1,1,1,1
86,7.39,1,0,2,1
84,5.71,0,0,1,0
28,5.27,1,0,1,1
25,3.65,0,1,2,0
50,7.21,0,0,0,0
27,5.34,0,0,1,0
67,3.5,0,1,0,0
20,4.41,0,0,2,0
66,3.53,0,0,2,0
53,9.32,1,0,2,1
74,5.48,1,0,2,1
61,6.22,0,0,2,1
77,3.47,0,0,2,0
56,3.84,1,0,1,1
76,8.17,1,1,2,1
81,5.5,0,0,0,1
87,6.45,0,0,0,1
67,9.81,1,1,2,1
64,10.34,1,1,1,1
63,7.43,0,1,1,1
78,7.01,0,1,2,1
61,6.49,1,0,2,1
64,5.4,1,0,0,0
54,10.2,0,0,1,1
32,3.47,0,1,2,0
23,5.81,0,0,0,1
61,2.0,0,1,1,0
25,3.37,0,1,1,0
62,6.84,1,0,1,0
64,6.95,0,0,1,0
40,6.7,1,1,1,0
33,5.33,1,0,0,1
51,4.53,0,1,1,0
47,4.88,1,0,2,1
67,5.2,1,0,1,0
64,8.27,1,1,0,1
26,9.03,1,1,2,0
61,6.92,1,1,2,0
25,4.88,1,0,2,0
35,4.05,0,0,0,0
67,6.63,1,1,0,0
37,5.52,0,0,1,1
69,2.21,0,1,1,0
28,8.85,1,1,2,1
60,5.98,1,0,1,0
65,5.34,1,1,2,0
50,4.19,1,1,2,1
69,4.18,1,0,1,1
27,7.87,0,0,0,0
27,4.04,0,1,1,0
64,6.2,1,0,1,1
37,7.32,1,1,1,1
83,9.83,0,1,0,1
28,7.26,1,0,2,1
62,5.93,0,0,0,1
62,5.09,0,0,0,0
25,7.78,0,1,0,0
39,8.09,0,1,1,1
47,5.11,1,0,0,0
80,7.22,0,1,2,0
74,5.71,1,0,0,0
37,2.63,0,1,2,0
69,3.91,0,1,2,1
64,7.68,0,0,1,0
32,9.0,1,1,2,1
63,7.41,1,1,1,1
45,5.58,0,0,1,0
85,4.51,1,0,2,1
27,7.12,1,1,0,0
70,6.69,1,0,0,1
41,2.64,1,0,0,0
85,7.35,1,1,2,1
89,4.53,0,0,0,0
60,7.4,0,1,0,0
63,7.12,0,1,2,0
18,7.51,0,1,0,0
67,8.23,0,1,0,0
41,7.47,0,0,0,1
72,3.82,1,0,1,0
71,3.88,1,0,2,1
70,8.16,1,1,1,0
42,6.99,1,1,1,1
31,2.74,1,1,1,0
65,1.83,1,0,1,0
60,7.86,0,1,1,1
26,10.63,0,0,2,1
82,7.72,1,0,0,0
64,5.51,0,1,1,1
75,6.56,0,1,1,1
45,0.34,0,0,2,0
31,3.93,1,0,1,0
86,8.11,0,1,1,1
68,7.8,1,1,1,1
23,1.58,1,0,2,1
45,8.46,0,0,0,0
43,7.12,0,1,2,0
31,7.95,0,0,2,0
73,5.59,0,0,0,0
87,6.02,1,1,1,1
46,3.77,1,0,0,1
55,6.67,1,1,1,0
51,7.87,1,0,0,1
36,4.05,0,1,0,1
42,6.77,1,0,1,1
57,4.9,1,1,2,1
25,8.17,1,1,2,1
65,8.04,0,1,1,1
41,1.1,1,1,1,1
86,6.95,0,0,0,0
81,8.12,0,0,0,0
56,4.84,0,1,1,1
73,5.56,0,1,0,0
29,5.69,0,0,0,1
40,3.62,0,0,0,0
30,5.76,1,0,2,0
66,9.24,1,0,1,1
84,7.0,1,1,1,0
75,9.17,1,1,0,0
48,8.07,0,1,0,1
75,8.5,1,0,1,1
86,6.26,0,1,0,0
21,7.62,1,0,0,1
41,10.2,0,1,1,1
29,9.07,0,1,2,1
39,6.68,0,0,1,0
86,4.56,1,0,0,0
28,4.09,1,1,1,1
38,6.51,1,0,1,1
76,6.92,0,1,2,1
74,2.19,0,1,2,1
84,6.46,1,1,1,0
63,6.73,1,1,0,1
23,6.64,1,1,1,1
80,4.87,0,0,2,1
33,10.8,0,0,0,1
23,7.82,0,1,0,0
86,3.15,0,1,1,0
85,4.52,1,0,0,1
88,7.67,1,0,1,1
81,7.07,0,0,1,0
64,6.26,0,1,2,0
35,5.93,0,1,2,1
41,5.55,0,1,0,0
69,5.06,1,1,0,1
55,3.85,0,1,2,0
18,7.18,0,0,2,1
74,0.2,1,1,1,0
80,4.45,0,1,0,0
81,8.53,1,0,2,1
47,4.33,0,1,2,1
44,3.47,0,1,1,0
71,9.88,0,1,0,1
66,8.1,1,0,2,0
75,5.63,1,0,1,0
72,4.72,0,0,2,0
19,5.45,0,1,2,0
80,5.21,0,0,1,1
81,5.42,1,0,0,1
35,4.39,0,0,2,0
25,7.04,0,1,1,1
73,4.76,0,1,1,0
29,2.15,0,0,0,0
82,3.23,1,0,0,0
50,5.91,1,0,1,1
24,3.79,1,0,0,0
36,0.77,0,0,2,0
89,9.0,1,0,1,0
64,6.92,1,0,2,1
82,4.9,0,0,2,0
31,4.8,0,0,1,0
37,6.94,1,1,1,0
62,8.72,0,1,2,1
44,4.58,0,1,0,0
72,6.72,0,1,1,0
26,4.57,1,1,0,0
87,6.54,1,0,0,0
41,3.5,1,0,0,1
46,2.07,1,1,1,0
69,6.04,1,1,0,0
38,5.72,0,1,1,1
19,7.35,1,0,0,0
59,4.47,0,1,2,0
45,8.7,1,0,1,1
64,6.05,0,0,0,0
81,9.05,0,1,1,1
84,5.15,0,0,2,0
67,8.98,1,0,1,0
60,5.72,0,1,2,1
65,6.15,1,1,1,1
49,7.85,1,1,0,0
43,2.19,1,1,2,1
39,3.64,0,1,0,0
53,9.65,1,1,2,1
70,2.73,0,1,1,0
31,4.82,1,0,0,0
63,6.98,1,1,2,1
42,8.88,0,1,0,0
23,4.81,1,0,0,0
60,6.13,0,0,1,0
39,3.52,1,0,1,0
20,5.06,0,1,0,0
30,7.98,1,1,1,1
65,6.54,0,0,0,0
53,5.8,1,1,1,0
37,6.75,0,1,0,0
45,6.15,1,0,0,0
48,6.22,0,0,1,0
29,5.14,1,0,2,1
59,3.85,1,0,1,1
56,7.28,0,1,0,1
53,3.49,0,1,1,1
65,7.99,0,1,0,1
34,10.29,1,1,2,1
42,9.02,0,1,2,1
52,10.68,0,0,2,1
78,3.74,0,0,2,1
34,6.4,1,0,0,1
25,4.19,0,1,0,0
86,4.37,1,1,2,1
22,2.35,0,0,1,0
41,3.39,1,1,2,0
68,7.68,1,0,2,1
37,7.36,1,0,1,0
58,8.41,0,1,1,1
68,8.25,1,1,2,1
72,7.55,0,0,1,0
49,4.27,0,0,2,0
85,5.7,0,1,1,0
42,7.46,0,1,1,0
54,8.53,0,0,0,0
88,5.18,0,0,1,1
76,4.93,1,0,2,1
59,5.05,1,0,2,1
64,9.25,0,0,1,1
25,7.13,1,1,0,1
55,5.32,1,1,0,1
33,4.39,0,1,2,1
54,6.87,0,1,2,1
84,2.51,1,1,2,0
89,5.51,1,0,2,0
58,4.81,0,0,1,0
42,4.78,0,1,0,0
79,6.4,0,0,1,0
48,6.84,1,0,1,0
43,12.26,0,0,0,1
52,6.21,0,0,1,0
62,7.43,1,0,1,1
64,4.34,0,1,2,1
37,2.59,1,1,0,0
22,8.36,1,1,1,1
61,10.05,0,1,0,1
64,3.96,0,1,1,0
46,5.87,0,1,0,0
20,8.31,0,0,1,0
18,6.22,1,0,0,0
45,1.09,0,1,1,0
69,8.11,1,1,0,1
49,5.73,1,0,1,1
87,7.52,1,1,1,1
58,4.04,1,0,2,0
73,7.85,1,1,1,0
59,8.17,1,0,1,1
32,4.54,1,1,1,1
61,7.05,0,1,1,1
29,4.72,1,0,2,0
19,4.99,0,1,2,1
83,4.16,0,0,0,0
41,5.14,0,1,2,1
85,4.64,1,0,2,0
71,8.44,0,1,0,0
30,5.57,0,0,1,0
48,3.72,1,0,0,1
28,8.85,1,1,0,1
77,7.15,1,1,1,1
85,8.07,0,1,0,1
57,5.9,0,1,2,0
36,7.47,0,1,0,0
58,5.84,1,1,1,0
73,4.08,1,0,0,0
66,6.26,0,1,2,1
35,6.34,1,0,1,1
88,6.33,0,1,0,0
87,7.78,0,1,0,1
18,2.49,0,1,2,0
19,6.66,0,1,2,0
26,4.42,1,1,1,0
27,5.48,1,0,1,1
24,6.98,1,1,1,1
49,6.2,0,1,2,1
32,4.69,1,0,0,0
46,7.63,0,0,2,1
19,5.96,1,1,0,0
82,8.0,1,1,2,1
89,8.62,1,1,0,1
54,5.36,1,1,1,1
28,3.84,0,0,2,0
68,6.26,1,0,2,1
52,7.77,1,0,2,1
65,6.75,1,1,1,1
81,3.71,0,1,2,1
34,2.63,1,0,2,0
52,4.18,0,1,0,0
63,4.16,0,1,0,0
35,7.38,0,0,2,0
34,6.24,0,0,1,1
39,7.9,1,0,0,0
69,5.94,1,1,2,1
48,9.54,0,1,2,1
83,6.14,1,0,1,1
40,7.25,0,0,1,1
62,5.28,1,1,2,1
51,7.04,1,1,1,1
42,8.35,1,1,0,1
47,7.71,0,0,1,1
86,8.74,1,1,1,1
23,4.9,0,0,1,1
31,7.07,1,0,1,1
80,9.63,1,0,0,0
44,6.66,1,1,0,1
87,5.81,1,1,0,1
58,5.67,1,1,2,0
58,5.07,0,0,1,0
40,6.44,1,0,1,1
24,8.98,0,0,1,1
45,7.07,0,1,0,0
83,6.09,0,1,1,1
53,4.52,0,0,2,0
44,3.82,1,1,0,1
24,11.0,1,0,1,1
45,5.18,1,0,1,0
62,6.34,0,1,2,1
36,5.15,1,1,0,1
50,6.48,0,1,2,0
84,5.26,1,0,2,1
58,6.34,1,1,0,1
67,9.08,1,1,1,1
39,4.62,1,0,2,1
39,7.19,0,1,1,1
38,5.98,1,1,1,1
44,7.57,0,0,1,0
85,4.72,1,0,1,0
48,6.93,0,0,2,1
62,4.1,1,1,2,1
45,2.39,1,1,0,0
32,3.41,0,1,1,1
66,4.14,1,1,2,1
34,3.78,1,0,1,0
86,5.39,1,0,1,1
71,8.29,1,0,1,1
21,3.73,0,1,1,0
88,6.94,0,0,0,0
79,6.33,0,1,2,1
19,4.59,0,1,2,0
79,4.13,0,1,2,1
67,6.88,0,1,1,1
33,6.99,0,0,0,0
81,5.31,0,1,1,1
88,5.71,1,0,2,1
64,5.99,0,1,0,1
81,3.35,0,0,2,1
47,6.22,0,1,0,1
70,6.62,1,0,0,1
66,9.56,1,1,2,1
25,3.43,0,0,2,0
32,4.25,0,1,1,0
50,6.17,1,0,0,1
41,4.82,0,1,0,0
72,5.18,0,0,1,0
77,6.02,1,1,0,1
57,5.41,1,1,2,1
38,5.93,1,1,0,1
22,6.89,1,0,0,1
85,2.73,0,0,0,0
72,7.13,0,1,0,0
53,1.47,1,1,0,0
47,9.44,1,1,2,1
83,7.87,0,0,2,0
33,4.78,0,1,0,1
42,8.06,0,1,0,1
43,5.71,0,0,0,0
57,6.88,1,0,1,1
25,7.54,0,1,0,1
35,6.72,0,1,2,1
44,6.02,1,0,2,0
76,7.27,0,1,2,1
19,5.64,0,0,1,0
51,5.26,0,1,2,1
89,4.12,0,1,1,0
36,2.39,0,1,1,0
27,9.21,1,0,0,1
88,7.6,1,0,1,1
42,3.21,0,0,1,0
57,6.83,1,0,0,0
39,6.45,0,1,0,0
63,1.61,1,0,0,1
51,4.36,1,0,0,0
78,5.82,0,0,0,0
42,9.49,1,1,1,1
51,8.24,1,1,0,0
81,8.57,1,1,1,1
67,6.68,1,1,1,1
31,8.05,1,1,1,1
62,3.69,0,0,1,0
89,7.28,1,0,1,0
35,7.51,0,0,0,0
46,3.51,1,0,2,1
68,6.56,1,0,0,0
88,9.11,1,0,2,0
69,9.92,0,0,0,0
42,8.9,1,0,2,1
74,4.65,0,0,1,0
23,5.88,0,1,1,0
66,5.03,0,1,2,0
78,8.54,0,1,2,1
77,4.38,1,0,2,1
29,3.97,1,1,1,1
54,2.83,0,0,0,0
71,6.47,1,0,1,1
45,6.95,0,1,2,0
81,4.88,0,0,2,0
89,4.56,0,0,0,0
33,5.71,0,1,0,0
27,8.78,1,1,2,1
40,3.39,1,1,0,0
45,6.0,0,1,0,0
58,6.51,0,0,1,0
42,6.84,0,1,2,0
80,8.61,0,0,0,1
22,7.76,0,0,0,0
79,6.64,1,1,2,1
30,9.03,0,1,1,1
53,8.39,0,1,1,1
85,6.68,0,0,0,1
58,6.57,1,0,0,0
81,3.73,0,0,0,0
75,6.36,0,0,0,0
32,4.53,0,0,1,0
29,3.82,0,0,0,0
25,5.55,0,0,2,1
85,2.64,0,1,2,1
66,4.31,0,0,1,0
80,5.06,0,1,2,1
22,6.76,0,0,0,0
34,5.44,0,1,1,1
24,6.87,0,1,0,0
63,9.24,1,1,1,1
55,7.71,0,0,0,0
70,3.75,1,1,2,0
61,2.5,1,1,0,0
64,4.21,1,1,1,0
64,4.26,1,0,2,1
23,2.06,1,0,2,1
53,2.58,0,1,2,0
22,2.58,0,0,0,0
67,4.8,1,1,1,1
34,8.85,0,1,1,1
31,9.4,1,1,2,1
25,3.92,1,0,0,0
45,5.04,0,0,1,0
52,3.19,1,1,0,0
51,2.66,1,1,2,1
71,5.77,0,0,1,1
25,5.99,1,1,1,0
59,4.62,0,1,2,0
66,7.14,1,1,1,1
83,5.19,0,1,0,1
74,8.03,1,1,2,1
53,4.84,1,1,2,1
47,7.55,1,1,1,1
50,5.43,1,0,2,1
67,6.08,0,1,0,0
27,7.08,1,0,0,0
24,3.15,0,1,0,0
86,4.34,1,0,2,0
55,5.68,0,1,1,1
66,5.26,0,0,0,0
56,6.34,1,0,2,1
88,4.2,1,1,2,1
44,3.16,1,0,1,1
85,5.6,1,0,1,1
28,6.39,1,0,1,0
24,4.2,0,1,0,0
88,8.25,1,0,2,1
61,7.21,1,0,0,1
83,7.52,1,0,0,0
53,7.4,0,1,2,0
44,4.12,1,1,1,1
72,10.1,1,1,2,1
48,4.44,1,0,2,0
21,6.64,1,1,2,0
33,7.35,1,0,1,0
65,6.59,0,0,1,1
61,6.31,0,0,2,0
61,4.33,0,0,0,0
23,5.17,0,0,1,0
44,6.04,0,0,1,0
71,8.59,1,0,1,1
27,4.68,0,1,2,0
74,7.39,1,1,0,1
67,6.9,1,0,2,0
79,6.22,0,0,1,1
21,4.96,1,1,0,0
38,5.79,0,1,1,0
42,2.63,1,1,1,0
48,6.31,0,0,1,0
19,6.76,0,0,2,0
83,5.09,1,1,2,1
40,7.19,0,1,0,1
48,6.77,1,1,1,0
35,4.7,1,1,1,1
31,7.84,1,0,2,0
62,5.1,1,0,2,0
70,10.99,0,1,0,1
67,4.12,1,1,1,1
36,4.56,0,0,0,0
68,4.91,0,1,2,0
30,6.65,0,1,0,1
47,8.5,1,0,0,0
83,6.36,1,0,0,0
72,5.38,0,1,0,0
30,9.98,0,1,0,0
65,8.22,1,1,0,1
41,5.61,0,0,2,0
56,5.94,1,0,0,1
23,3.1,1,1,0,0
74,6.24,1,0,1,1
88,9.6,0,1,2,1
87,3.83,0,0,0,0
71,3.32,1,0,0,0
52,6.41,1,0,2,1
48,1.36,1,1,1,0
87,8.92,0,1,0,0
34,3.11,1,0,0,0
62,4.68,0,1,0,0
68,5.79,0,1,2,1
45,8.5,1,0,2,1
47,6.88,0,0,2,0
52,2.29,0,0,1,0
25,2.7,1,0,1,0
65,6.47,0,1,1,0
83,1.86,1,0,0,0
40,5.45,1,1,2,1
63,4.38,1,1,2,1
84,7.62,1,1,0,1
53,8.42,1,1,2,1
45,0.98,1,0,1,0
59,6.85,1,0,1,0
62,7.26,0,1,2,0
63,4.45,1,0,2,1
79,4.77,1,0,0,0
40,3.57,0,0,2,0
77,5.27,0,1,0,0
22,6.77,1,0,0,0
66,8.63,0,1,0,1
51,8.82,1,0,0,1
69,5.37,0,0,1,0
18,4.27,1,0,2,1
72,7.93,0,1,2,1
30,0.41,0,1,1,0
60,3.13,0,1,2,0
55,7.21,1,1,1,0
49,10.38,0,0,1,0
72,4.36,0,1,0,0
82,6.13,1,1,0,1
86,3.69,0,0,2,1
29,5.77,1,1,0,0
38,5.77,1,0,0,1
27,4.41,1,0,1,1
58,6.71,0,1,2,0
40,5.59,0,0,2,0
18,6.95,0,0,1,1
34,5.54,1,1,0,0
89,3.53,0,0,1,0
88,6.23,0,0,0,1
55,7.66,1,1,1,1
56,4.38,1,1,2,0
41,8.64,1,0,0,0
81,6.86,1,1,1,1
85,5.24,0,1,2,0
57,6.04,1,1,2,1
26,5.13,0,0,2,0
33,4.17,1,1,0,0
74,7.81,0,0,1,1
80,7.78,0,1,0,0
81,5.07,0,0,1,0
81,5.61,1,1,2,0
78,5.56,1,1,2,0
26,7.37,0,0,2,0
47,8.91,0,0,2,1
73,4.66,1,1,1,0
34,6.6,0,1,1,1
58,5.95,0,1,1,0
29,7.11,0,1,1,1
30,8.88,1,1,1,1
60,4.25,0,1,1,0
42,1.88,1,1,1,0
52,5.66,1,0,0,1
70,2.8,0,0,0,0
25,9.35,1,1,2,1
31,4.61,1,1,2,0
25,5.45,0,0,2,0
61,6.5,1,1,0,1
22,6.43,1,1,0,1
56,5.17,1,0,0,0
37,6.02,1,1,0,1
56,7.92,0,1,0,0
69,5.41,1,0,0,0
31,9.73,1,0,0,0
76,6.74,1,1,0,1
77,1.32,0,1,2,0
60,7.82,0,0,0,0
56,2.52,1,1,1,1
61,6.71,0,0,0,0
67,10.56,0,1,0,1
80,8.2,0,1,0,0
63,3.78,1,1,0,1
77,4.41,1,0,1,0
41,6.09,1,1,2,1
31,8.96,1,1,2,1
71,4.58,1,1,0,1
58,8.27,0,0,1,0
46,6.67,0,1,2,1
26,5.85,1,0,0,0
84,5.72,0,1,0,0
67,9.42,0,0,2,1
50,3.04,0,0,1,0
52,3.78,0,1,1,1
32,7.85,0,0,2,0
23,8.04,0,0,1,1
51,3.45,0,0,2,0
57,4.21,0,1,0,0
46,3.74,1,1,2,0
72,7.15,0,1,1,0
86,4.74,1,0,0,1
63,8.9,0,1,2,1
40,7.59,1,0,1,1
22,6.58,1,0,0,0
82,6.45,1,1,2,1
67,7.14,1,1,2,0
19,7.74,1,1,1,1
76,6.07,0,1,0,1
27,6.56,0,0,1,1
56,7.62,0,0,1,0
39,5.91,1,0,2,0
75,8.05,1,0,2,0
71,5.77,1,0,2,0
87,4.5,0,0,1,0
61,6.42,0,0,1,0
84,9.36,0,0,2,1
47,9.04,1,1,1,0
30,2.84,1,1,2,1
47,6.65,1,0,0,0
84,5.04,1,0,0,0
78,5.38,0,0,2,0
50,5.34,0,1,0,0
33,5.56,1,1,0,1
86,4.97,0,0,2,1
74,5.46,1,0,0,0
34,6.46,0,1,0,0
44,3.6,1,1,1,1
27,3.54,0,0,0,0
67,3.76,0,0,2,0
48,3.73,0,0,1,0
76,7.19,0,0,1,0
30,3.79,0,1,1,0
48,5.84,1,0,0,1
19,6.13,1,1,1,1
32,7.43,0,1,0,0
18,6.05,0,0,0,0
35,8.11,1,1,1,1
54,5.88,1,1,2,0
35,6.5,1,1,1,1
61,7.52,0,0,1,0
24,3.08,1,1,0,0
30,6.78,1,0,0,1
48,9.02,0,0,1,1
34,6.22,1,0,0,0
64,5.51,0,0,0,1
55,9.81,0,1,0,1
45,6.21,1,0,1,0
57,8.47,0,1,1,1
86,1.25,1,1,0,0
56,6.21,0,1,0,0
85,4.99,0,0,1,0
79,6.77,0,0,0,1
73,8.37,1,1,0,1
85,5.7,1,0,0,1
75,5.55,0,0,0,1
79,0.36,1,1,1,1
40,7.58,0,1,2,1
32,8.66,0,1,1,0
72,6.3,0,0,2,1
25,5.05,0,0,2,0
21,6.73,0,1,1,1
40,8.07,0,1,2,0
19,7.3,1,1,2,1
34,10.17,0,0,2,1
22,4.89,1,0,2,0
32,3.29,0,0,1,0
40,6.99,0,1,2,1
35,8.55,0,1,2,1
70,5.09,1,0,0,0
64,6.02,1,0,1,1
20,4.72,0,0,1,0
38,3.49,0,0,1,1
45,4.53,1,1,0,1
23,1.87,0,0,2,0
60,6.54,0,1,0,0
33,6.92,1,0,2,1
78,7.77,0,0,2,0
49,4.34,1,0,0,0
58,4.72,1,1,0,0
38,2.63,0,0,1,0
35,3.08,1,0,1,1
20,7.77,1,0,1,1
24,11.64,0,1,2,1
52,3.87,0,1,2,1
54,5.2,0,1,1,0
81,7.85,1,0,2,1
76,4.59,1,0,1,1
19,7.15,0,1,2,0
77,5.38,1,1,1,1
54,5.39,0,1,0,0
62,7.8,1,1,1,1
20,5.48,1,1,2,0
30,3.45,1,1,1,0
18,7.63,1,0,1,1
23,6.04,0,0,2,0
61,4.88,0,1,2,0
21,4.38,0,0,0,0
76,7.15,0,0,2,0
37,4.55,0,0,1,0
46,6.23,1,0,1,0
56,7.99,1,1,2,0
52,5.77,1,1,2,1
28,8.17,1,1,0,1
30,3.23,1,1,1,0
62,7.21,0,0,2,1
68,7.06,0,1,2,1
40,9.74,1,1,0,1
74,6.03,1,1,2,1
74,7.78,0,0,2,0
64,5.67,1,0,0,1
56,3.87,0,1,0,0
87,4.23,0,1,0,0
73,4.58,1,1,1,1
53,7.55,1,0,1,1
36,4.44,0,0,0,0
67,6.08,1,1,1,0
59,7.8,1,0,1,0
37,8.48,1,1,1,0
81,7.87,0,0,0,0
44,8.98,1,0,1,0
19,3.73,0,1,1,0
52,5.02,0,0,2,0
85,6.63,1,1,0,0
26,8.23,0,1,0,0
60,7.01,0,0,1,0
20,4.47,1,0,2,1
89,5.62,1,0,1,1
64,2.7,0,0,1,0
38,7.62,1,1,1,1
61,2.43,0,1,0,1
53,6.43,1,0,2,1
19,8.15,0,0,2,1
67,7.81,0,0,1,0
78,2.78,0,1,2,0
60,6.43,1,1,1,0
37,5.3,0,1,1,0
62,5.41,0,0,2,0
39,9.29,0,0,1,1
80,6.57,0,0,2,1
62,3.14,0,0,0,0
29,3.84,1,0,1,1
47,7.42,1,0,2,1
69,6.45,1,1,1,1
41,3.73,1,1,2,1
50,2.64,1,1,0,0
51,4.89,0,1,1,1
83,5.11,1,1,0,0
61,7.62,0,1,1,1
86,4.76,0,0,1,0
78,7.32,1,0,2,1
49,8.41,1,0,2,0
76,2.77,1,1,2,0
43,4.8,1,0,0,0
26,9.08,0,0,2,0
82,5.08,0,0,2,1
39,5.94,0,0,0,0
85,7.9,0,0,2,1
89,4.44,1,1,0,1
73,5.13,0,0,0,0
40,2.65,1,1,0,1
83,7.06,1,0,1,1
64,4.97,1,1,1,1
86,5.2,1,1,0,0
52,0.79,1,1,0,0
52,7.87,1,1,2,1
58,7.32,0,0,2,1
43,4.33,0,1,0,0
42,8.38,0,1,0,1
22,1.01,0,0,2,0
20,5.77,0,1,2,1
49,2.53,1,1,0,0
57,11.36,1,1,1,1
33,0.66,1,1,0,0
83,3.45,1,1,2,0
70,4.37,0,0,1,1
31,7.5,1,1,2,1
62,7.55,0,0,1,0
67,6.65,1,0,1,1
85,5.38,0,1,1,0
61,10.16,0,1,0,0
67,4.42,0,0,0,0
44,6.49,0,1,0,1
36,9.37,1,1,1,1
76,3.39,0,0,0,0
44,4.24,1,0,2,0
81,8.07,1,1,2,1
54,6.77,0,0,1,0
35,3.23,0,0,2,0
56,5.92,1,1,2,1
38,9.71,1,1,1,0
85,5.34,1,0,1,1
88,7.47,1,1,2,1
63,6.11,0,0,1,0
58,4.47,0,1,0,0
41,9.09,1,1,2,1
89,7.79,0,0,0,0
37,8.25,0,1,0,1
45,5.54,1,1,2,1
59,6.05,0,0,0,0
34,6.29,0,0,0,0
24,6.74,0,0,2,0
35,5.15,0,0,1,0
51,4.83,1,0,2,1
88,8.47,1,1,1,0
82,3.63,0,1,1,0
76,4.94,0,0,1,0
84,5.07,1,0,0,1
75,4.8,1,0,2,1
58,3.4,0,0,2,1
35,4.29,1,0,0,0
57,7.44,1,1,0,1
24,5.1,0,0,0,1
41,4.34,1,0,0,0
72,9.17,0,0,0,0
60,3.14,1,1,1,0
21,7.91,0,0,2,0
50,6.53,1,0,1,1
37,3.1,1,1,1,1
64,5.01,0,1,2,1
38,5.04,0,0,2,0
86,8.42,1,1,0,1
52,7.66,0,0,1,1
72,5.26,0,0,2,0
66,3.46,1,1,2,1
27,2.42,1,0,0,1
70,5.48,1,0,1,1
30,3.0,1,1,0,1
32,5.46,1,1,0,0
67,5.4,0,0,2,1
68,6.57,0,0,1,1
88,7.83,0,1,1,0
31,6.04,0,0,1,0
61,6.76,1,0,1,0
80,5.47,0,0,1,0
78,7.91,1,0,1,0
25,7.45,1,1,2,1
38,9.02,1,1,0,1
89,8.59,1,0,0,1
35,4.35,0,1,1,0
70,2.88,0,1,2,0
88,7.11,1,1,2,1
79,8.12,0,0,0,1
81,4.47,0,0,1,0
62,8.83,1,1,2,1
50,6.01,0,1,2,1
86,5.64,0,1,0,0
76,6.53,1,1,0,1
63,2.99,0,0,2,0
64,2.5,1,0,0,0
28,5.11,0,1,0,1
74,3.44,0,0,1,1
73,5.76,0,0,1,0
60,5.78,0,0,0,1
72,0.63,0,1,1,0
67,4.16,0,0,1,0
21,6.83,1,1,0,1
85,1.1,1,0,0,0
77,5.08,1,1,0,1
48,3.04,1,1,0,0
76,1.81,1,1,2,0
71,7.99,1,0,0,1
29,7.91,0,0,0,0
87,4.9,0,0,0,0
33,4.74,1,0,0,0
20,8.52,1,1,1,1
44,8.14,1,1,2,1
36,5.71,0,1,1,1
18,7.47,1,1,2,1
43,5.94,0,1,0,0
81,5.1,1,0,2,1
59,6.97,1,0,1,1
47,4.87,0,0,2,0
50,6.91,1,1,0,0
39,5.23,0,1,2,1
85,4.81,0,0,1,1
66,4.58,1,1,0,0
31,6.63,0,1,2,1
29,7.6,1,0,2,1
40,6.58,0,0,2,0
27,3.98,1,1,1,0
23,6.96,0,1,2,1
19,3.92,0,1,0,0
30,3.47,1,1,1,0
42,5.32,1,0,1,0
60,7.35,0,0,2,1
32,7.11,1,1,0,0
21,6.85,1,1,0,1
23,8.49,1,1,2,1
85,7.47,1,1,1,1
26,5.03,0,0,0,0
72,7.32,0,0,0,1
86,5.22,1,0,0,0
24,6.55,0,1,0,0
82,6.95,0,0,2,1
74,5.63,0,0,2,0
59,2.81,1,1,0,0
26,5.5,1,0,2,0
24,5.18,1,1,2,1
55,5.58,0,0,0,0
40,4.96,1,0,0,0
33,3.56,0,1,2,0
64,2.61,0,1,2,0
30,7.14,0,0,1,1
34,7.4,0,0,0,0
56,6.58,1,1,0,1
69,5.74,1,1,1,1
81,9.74,1,1,1,1
86,7.17,0,0,2,1
24,5.88,0,0,1,1
43,7.5,0,0,0,0
32,5.71,1,1,2,0
87,7.25,1,0,1,1
52,6.42,1,1,0,1
67,6.93,1,1,2,1
86,5.99,1,1,2,1
38,4.97,0,0,0,0
44,6.89,1,1,2,1
57,8.11,1,0,0,1
80,4.07,0,1,1,1
61,4.83,0,0,2,0
56,3.72,1,1,0,1
18,7.63,1,0,2,1
50,5.46,1,0,1,0
57,7.66,0,1,0,0
72,4.33,1,1,0,0
56,7.54,0,1,1,0
32,4.76,0,0,1,1
27,4.99,1,1,0,1
55,6.98,1,1,0,1
79,5.14,0,0,2,1
20,4.73,1,1,2,0
55,7.68,0,0,0,0
55,5.78,1,1,1,0
62,8.38,1,1,2,1
89,10.94,1,1,2,1
86,4.8,0,1,1,0
23,5.24,1,1,0,0
29,2.9,1,1,2,0
25,3.58,1,0,2,1
46,7.11,1,1,1,1
59,6.52,1,1,1,1
20,6.47,1,0,1,0
85,6.83,0,1,2,1
59,4.25,0,0,0,0
58,2.58,0,1,2,0
88,8.07,1,1,1,1
87,6.42,0,0,2,1
41,8.17,0,0,1,1
40,5.87,1,0,1,0
64,7.43,0,0,1,1
89,4.89,1,1,0,0
89,5.92,0,1,1,1
33,5.61,0,0,1,1
63,6.67,0,0,1,0
73,8.7,0,1,1,0
72,7.21,1,1,2,1
42,0.21,0,0,0,0
62,5.73,0,1,2,0
78,5.95,0,1,1,1
25,7.53,1,1,0,1
20,6.22,1,0,0,1
49,4.55,1,1,0,1
40,4.38,1,1,1,0
64,5.27,0,0,1,0
84,4.54,1,0,0,1
33,8.76,0,0,2,0
73,7.13,1,1,0,1
77,6.05,1,1,0,1
52,7.86,1,0,2,1
60,10.21,1,0,2,0
45,5.53,1,1,2,1
60,5.89,1,1,0,1
85,5.36,0,1,2,1
42,3.52,0,0,1,1
32,4.7,1,1,2,0
72,4.1,1,0,1,1
31,6.9,0,0,0,0
23,6.84,1,0,1,0
22,7.68,1,0,0,0
65,4.42,0,1,1,1
66,7.92,1,0,0,1
33,4.03,1,1,0,1
83,5.6,0,0,2,0
77,8.51,1,0,1,1
27,8.4,1,0,0,1
30,8.11,0,1,2,1
72,10.13,0,0,1,1
60,8.04,0,1,0,0
73,5.48,0,0,2,1
67,5.54,0,0,0,1
32,4.45,1,0,1,0
75,6.45,0,1,0,0
55,4.49,0,1,2,0
37,4.76,1,1,1,1
59,4.04,0,1,2,0
83,2.64,1,1,1,0
22,10.9,1,1,2,1
34,7.75,1,0,2,1
86,1.88,1,0,0,0
82,6.87,0,0,1,1
27,4.88,0,0,0,1
60,1.76,1,0,1,0
28,5.57,0,0,1,1
82,6.41,0,0,1,1
68,7.14,1,0,2,0
80,8.18,0,0,0,1
54,4.31,1,1,2,0
26,5.89,0,1,0,1
74,7.31,1,1,2,1
40,7.07,1,1,1,1
64,6.77,1,0,2,1
52,6.19,1,1,1,1
24,8.44,1,0,0,1
60,3.51,0,0,1,0
50,3.05,0,1,0,0
71,9.45,1,1,0,1
88,6.84,0,1,0,0
64,8.21,1,0,0,1
40,6.46,1,0,0,1
62,5.3,1,1,2,1
31,5.12,1,0,2,1
84,6.3,0,0,0,0
81,5.1,0,1,0,1
79,5.9,1,0,1,1
24,5.88,0,0,2,1
37,7.66,1,0,1,1
47,7.62,1,0,1,0
74,9.21,0,1,1,1
89,4.65,0,0,1,0
70,5.98,0,0,2,1
79,7.97,0,0,2,0
85,6.77,0,1,1,1
27,1.26,0,0,2,0
81,6.8,0,1,1,1
24,6.07,1,0,2,1
67,5.16,1,1,1,0
52,5.28,0,1,1,0
25,4.68,0,0,2,0
67,8.41,0,0,2,1
78,7.47,1,1,2,1
76,6.54,1,1,0,1
77,8.33,1,1,2,1
32,7.98,1,1,1,0
44,4.51,1,0,1,1
48,4.07,0,0,0,0
56,4.15,0,1,1,0
50,7.64,1,0,0,1
54,6.13,0,0,1,0
39,8.56,1,1,0,1
75,7.2,1,0,2,0
66,5.78,0,1,0,0
68,3.71,1,1,1,0
56,5.67,0,0,2,0
86,10.59,0,0,2,0
47,4.84,1,1,1,1
53,4.58,1,1,0,1
73,5.77,1,1,2,1
56,8.88,0,1,2,0
39,6.12,0,0,1,0
29,4.03,0,0,1,0
61,5.0,0,1,0,0
40,5.94,0,1,2,1
74,6.36,1,1,2,0
65,8.21,1,0,2,1
42,11.11,1,1,2,1
81,8.89,1,1,1,1
20,7.46,0,1,1,1
24,6.16,0,0,2,0
18,4.63,1,1,1,0
22,7.34,1,0,1,1
74,8.72,0,1,2,1
66,7.83,1,0,2,0
76,5.95,1,1,2,1
79,7.52,0,0,2,1
69,5.77,0,1,2,0
33,5.89,1,0,0,1
19,5.75,1,0,1,1
48,6.35,0,0,2,1
36,6.04,0,1,1,0
51,8.18,0,1,1,0
86,6.19,0,1,1,1
83,6.0,0,0,2,1
58,8.23,0,0,2,1
21,7.53,0,0,2,1
48,8.39,1,0,1,0
84,4.68,0,0,0,1
87,8.74,1,1,2,1
50,6.15,0,0,1,1
87,4.1,1,1,2,1
44,5.85,1,0,2,0
36,3.74,0,0,1,1
60,4.19,0,0,0,1
69,5.33,1,0,2,0
19,8.0,0,0,1,1
76,3.51,0,0,0,1
40,6.68,0,1,2,1
79,5.61,0,0,0,0
36,9.16,0,1,1,1
83,6.49,1,1,1,1
25,7.29,1,0,1,0
72,8.85,0,0,2,0
26,3.97,1,0,2,1
22,5.44,1,0,2,0
20,3.19,1,0,0,0
40,4.45,0,0,1,0
86,6.72,1,1,0,0
32,5.76,1,0,1,0
51,6.87,0,0,1,0
63,5.29,0,0,1,1
72,4.72,1,1,1,1
57,5.79,1,1,2,1
41,4.34,0,0,2,0
87,3.88,0,1,0,0
18,2.94,0,1,1,0
35,5.77,0,0,2,0
51,6.86,1,0,2,1
27,3.61,0,1,0,1
75,5.07,1,1,1,1
20,1.5,0,0,1,0
33,3.63,1,1,0,0
32,6.06,1,0,1,1
47,3.4,0,0,1,0
82,6.76,0,1,2,0
54,5.13,0,0,2,0
62,6.62,1,1,0,0
42,4.82,1,1,0,1
35,3.13,1,1,2,1
57,5.85,0,0,0,0
59,7.28,0,1,2,1
85,4.87,0,0,1,0
64,6.63,0,0,0,0
43,4.51,1,1,2,1
41,5.21,1,1,1,1
45,8.29,1,0,0,1
19,5.83,1,1,1,1
22,4.06,0,1,2,1
68,6.94,0,1,2,0
37,5.97,1,1,1,1
59,4.85,1,0,0,0
77,7.22,0,1,0,0
23,0.26,1,1,2,0
18,6.99,1,1,1,0
54,9.56,1,0,1,1
74,6.46,1,1,2,1
28,2.23,1,0,0,0
42,8.52,0,0,2,1
47,10.76,0,1,1,1
42,7.01,1,0,2,1
70,3.84,0,1,2,1
24,4.6,0,1,1,0
61,5.65,0,1,1,1
30,6.28,1,1,2,1
41,8.19,1,0,2,0
29,7.01,1,0,1,0
73,1.56,1,0,1,0
36,5.33,0,1,2,1
36,5.64,0,1,1,0
55,9.52,1,0,2,1
64,4.8,1,0,0,1
72,3.23,0,0,2,0
39,5.33,1,0,2,0
88,6.45,1,0,1,1
63,2.36,0,1,2,1
22,8.03,0,1,1,0
59,5.66,0,1,2,1
61,7.52,0,0,2,1
61,7.26,1,0,1,1
89,6.96,0,1,2,1
78,8.64,0,1,1,1
68,9.16,1,1,1,1
76,5.14,0,0,2,0
67,5.8,0,0,0,0
88,7.95,0,0,0,1
85,6.25,1,0,1,0
34,4.78,0,1,1,0
65,6.13,1,1,0,1
88,4.29,0,0,2,1
73,4.97,0,0,0,0
66,-0.72,1,1,1,0
41,6.21,1,0,1,0
28,9.52,0,1,1,0
27,7.37,0,1,1,1
18,7.3,1,0,2,1
40,6.31,0,1,0,0
35,4.49,1,1,0,0
51,6.93,0,0,1,0
50,6.08,1,1,2,0
30,5.71,0,1,2,0
63,6.45,1,0,2,0
84,4.87,0,0,1,0
81,6.23,0,1,1,0
26,7.24,1,1,2,1
78,7.92,1,0,0,0
57,6.26,1,0,2,1
84,7.57,0,0,0,0
71,6.33,1,0,2,1
80,1.58,0,1,0,1
35,2.22,1,0,1,0
80,5.59,0,1,0,0
50,3.81,1,0,1,0
88,7.09,0,1,1,1
62,3.42,1,1,1,0
71,5.18,0,0,1,0
32,4.91,1,0,2,1
29,4.54,0,1,2,0
82,4.85,1,0,0,1
59,5.93,1,1,2,1
73,6.16,1,1,1,1
50,4.95,1,1,2,1
53,6.32,1,0,2,1
67,7.03,0,0,2,1
33,5.61,0,1,1,0
38,4.65,1,0,2,0
56,4.67,0,1,2,1
84,5.06,0,0,0,0
24,4.95,1,1,0,1
38,6.15,0,0,1,1
77,11.23,0,0,0,1
50,8.19,0,1,2,1
24,6.07,1,1,1,1
30,7.16,0,0,1,0
86,7.16,1,0,2,1
84,8.48,1,0,0,1
46,8.79,1,1,1,1
82,4.15,1,0,0,0
31,10.38,1,0,2,1
86,4.36,0,0,2,1
20,6.22,1,1,0,1
33,4.42,0,1,0,0
82,2.73,0,0,0,0
42,2.56,0,1,0,0
73,9.9,0,1,2,1
83,8.95,0,1,2,1
18,4.14,1,0,0,0
81,3.88,0,0,2,0
87,8.97,0,0,0,0
26,4.19,1,1,1,1
27,6.96,0,0,2,1
51,10.05,1,0,2,1
30,7.56,1,0,0,0
22,8.98,0,1,0,1
78,6.51,0,1,1,0
77,2.75,0,0,2,0
41,4.48,0,0,0,0
78,2.58,0,0,2,1
39,6.69,0,0,0,0
85,3.49,1,1,2,1
41,6.3,1,1,0,0
76,5.07,1,0,2,0
67,4.69,0,0,2,0
48,7.05,1,0,1,1
60,5.12,1,0,2,1
45,4.41,0,0,2,1
83,7.99,1,0,1,1
65,5.96,1,0,1,0
20,3.14,0,0,0,0
48,8.35,0,0,2,1
81,3.25,1,1,0,1
87,6.47,0,0,0,0
60,7.05,1,0,1,1
51,5.5,1,1,0,1
87,4.39,0,1,1,0
50,5.37,1,1,0,1
87,5.32,1,1,1,1
88,3.84,1,1,0,0
48,7.68,0,0,2,1
36,4.82,1,0,1,0
85,4.58,1,0,1,0
41,8.7,0,0,2,0
53,4.55,1,0,0,1
23,2.99,0,0,2,1
53,5.86,1,1,1,0
84,6.01,1,0,2,1
39,6.06,1,0,1,0
55,10.09,0,1,1,1
83,4.9,1,1,1,0
50,8.65,1,0,0,1
86,7.74,0,0,1,1
82,8.87,0,0,0,1
32,5.82,1,1,1,1
83,5.39,1,0,1,1
57,5.62,0,0,1,0
32,6.64,1,1,2,0
86,7.93,1,0,1,0
27,9.29,1,0,1,1
60,2.56,0,0,2,0
81,8.15,1,1,0,0
45,6.78,0,0,2,0
86,6.15,0,0,1,0
83,4.01,1,0,2,0
57,6.73,0,0,1,0
40,2.48,1,0,2,1
70,8.51,0,1,2,1
43,4.22,0,0,1,0
19,5.82,0,1,1,0
80,5.73,0,1,1,0
53,7.2,0,1,0,1
76,3.44,0,1,0,0
23,7.7,1,1,2,0
24,6.88,1,1,1,0
27,9.12,1,0,1,0
38,6.66,1,0,2,1
21,5.81,0,1,0,1
74,2.33,0,1,0,0
56,5.33,0,0,0,1
18,9.31,1,0,1,0
59,5.16,1,0,2,1
79,5.08,0,0,1,1
48,5.78,0,1,1,0
47,7.74,1,1,0,1
69,2.58,0,1,1,0
35,9.63,0,1,1,1
23,7.22,0,0,2,0
18,7.48,1,1,2,1
34,6.04,0,0,0,0
77,9.95,1,0,0,1
30,5.2,1,1,1,1
70,7.67,1,0,2,1
54,6.27,0,1,1,0
56,3.57,1,0,0,1
74,5.79,1,1,0,0
71,7.47,1,1,0,1
30,5.51,1,1,0,1
72,5.26,1,1,0,1
82,6.03,1,1,2,0
18,4.35,0,0,2,0
43,3.87,1,1,0,0
29,6.2,0,1,1,1
32,4.21,0,1,0,0
57,7.19,1,0,2,1
36,7.47,1,0,1,0
59,8.61,0,1,1,1
73,7.99,0,1,2,0
81,5.52,0,0,0,1
18,6.89,1,0,0,1
35,3.8,0,0,0,0
48,6.91,0,0,0,0
56,5.08,1,0,0,1
38,8.74,1,1,0,1
19,4.69,0,1,0,1
56,6.4,0,0,1,1
33,4.55,0,1,2,1
46,7.29,1,0,0,0
45,7.32,1,1,2,0
24,4.09,1,0,1,0
88,9.93,1,1,1,0
28,7.04,1,1,0,0
64,3.26,1,0,0,0
87,4.28,1,0,0,1
18,2.46,0,1,0,0
58,2.1,0,0,1,0
45,5.77,0,1,2,1
84,1.94,0,0,0,0
30,6.8,0,1,2,1
86,2.83,0,1,1,0
72,5.29,0,1,2,1
61,9.43,1,1,2,1
76,5.34,1,0,0,0
83,5.98,0,0,2,1
28,8.49,0,1,1,1
48,5.42,1,1,2,0
51,7.1,1,1,1,1
39,4.44,0,1,0,0
26,5.29,1,1,2,1
76,6.29,0,0,0,0
63,6.06,0,1,2,1
41,4.52,1,0,2,1
67,6.48,1,1,0,1
37,7.22,1,0,1,1
83,7.29,1,1,2,1
52,6.11,1,0,1,1
20,4.16,0,1,2,0
47,7.38,0,1,0,1
65,7.71,1,0,0,0
86,4.08,1,1,1,1
48,1.48,1,1,2,1
82,5.64,0,1,1,0
64,8.03,0,1,1,1
70,7.73,0,1,2,1
74,3.68,0,0,2,0
82,8.63,0,1,2,1
69,4.24,1,0,2,1
36,7.83,1,1,0,1
52,5.16,1,1,0,1
36,7.91,1,1,1,1
29,6.99,0,1,1,0
42,5.53,0,0,0,0
52,7.39,1,1,2,1
60,4.68,0,1,0,0
87,5.23,0,0,2,0
19,5.35,0,0,1,0
84,4.28,0,1,2,0
25,7.81,0,0,2,1
58,7.81,0,0,0,1
36,5.97,1,0,0,0
43,4.05,1,1,1,0
24,6.88,0,1,2,1
20,6.52,1,1,0,1
36,7.2,0,1,1,1
87,5.93,1,1,1,1
25,5.51,0,1,1,0
38,8.7,0,1,0,1
39,4.74,1,1,0,1
54,5.57,1,0,0,0
49,2.42,0,1,2,0
29,5.19,1,0,1,1
57,4.98,1,1,1,1
50,5.26,0,1,2,0
75,7.08,1,0,2,1
88,4.73,0,0,0,0
38,6.75,1,1,2,1
33,5.17,1,1,2,1
45,5.03,1,1,1,1
81,2.25,1,1,1,0
80,6.7,0,0,1,0
56,7.13,0,0,2,0
19,3.95,0,1,2,1
38,4.7,1,1,0,0
54,2.3,0,1,1,1
77,5.14,1,0,2,1
26,3.67,0,1,2,1
88,6.58,1,0,2,1
18,5.58,0,0,1,0
84,7.0,1,1,2,1
81,4.16,1,1,2,1
37,2.45,1,0,2,0
65,5.64,0,0,0,0
50,4.63,1,0,1,1
51,9.4,1,0,0,0
54,6.25,1,1,2,1
76,8.61,1,1,1,1
38,6.82,0,0,1,1
86,5.15,0,1,2,0
29,2.78,0,0,1,0
59,5.33,1,1,0,1
41,7.01,0,0,0,0
50,5.95,1,0,0,0
34,6.44,1,0,0,1
18,6.4,1,1,0,1
21,3.17,1,0,0,0
86,6.4,1,1,2,1
35,4.22,0,1,1,0
73,5.71,0,0,2,1
18,8.48,0,1,2,0
25,1.9,1,0,0,1
26,5.29,1,1,2,1
50,6.48,1,1,2,1
86,7.92,0,1,0,0
35,5.94,0,0,0,1
44,4.17,1,1,2,0
86,7.35,1,1,0,1
19,6.94,0,0,0,0
39,2.33,0,0,0,0
78,5.94,1,1,0,1
28,2.45,1,0,2,0
43,0.63,0,0,2,1
82,3.86,0,1,1,0
41,3.98,0,1,1,1
39,1.62,0,0,2,0
47,9.52,1,1,2,1
27,3.25,0,0,2,0
79,6.59,1,1,0,1
22,7.29,0,1,0,0
87,10.18,0,1,0,1
29,5.21,1,1,0,0
43,9.08,1,1,2,1
49,3.66,1,1,2,1
77,5.85,0,0,1,1
36,5.13,1,1,0,0
24,3.95,1,0,2,1
66,6.61,1,1,0,1
26,9.73,1,0,0,0
82,10.15,0,0,1,0
46,7.3,1,0,1,0
28,3.71,1,1,1,1
43,4.36,1,0,0,0
20,7.16,0,0,1,0
61,7.1,1,0,0,0
72,7.08,1,0,2,1
78,5.42,1,0,0,0
65,4.16,1,0,1,0
74,6.87,0,0,2,1
80,5.92,1,1,2,1
43,8.78,0,1,1,1
26,4.59,0,0,2,0
19,7.66,0,0,1,0
68,8.67,1,1,1,1
29,9.91,0,0,1,1
38,9.88,0,1,1,1
35,3.93,1,0,1,0
31,3.63,1,1,2,0
51,6.28,1,0,0,1
45,4.25,0,0,2,1
38,1.25,0,1,1,0
79,8.93,1,1,0,1
31,6.98,1,1,1,1
76,8.05,0,0,2,1
29,6.37,0,1,2,0
78,8.33,0,0,2,1
76,6.53,0,1,0,1
35,6.29,1,0,1,1
56,9.84,0,0,1,0
50,3.7,1,1,1,0
82,7.08,1,1,0,0
30,2.85,0,0,0,1
28,9.0,0,1,2,1
33,5.55,1,1,2,1
52,3.59,0,1,1,0
78,2.37,0,0,1,1
41,5.56,1,1,0,1
25,9.94,1,1,1,1
27,6.99,1,1,0,0
84,2.87,1,1,0,1
59,1.91,0,1,1,0
87,11.66,0,0,1,1
28,4.84,0,0,2,1
49,3.03,0,0,2,0
88,6.26,0,0,0,0
61,7.14,1,0,1,1
57,9.15,0,1,0,1
87,5.58,1,1,0,0
44,4.54,1,1,1,0
69,7.33,1,1,2,1
39,4.36,0,0,2,0
74,6.7,0,1,0,1
63,6.33,1,1,1,1
71,7.94,0,0,2,1
56,4.55,0,0,2,1
22,4.6,0,0,1,0
19,6.54,0,0,1,1
74,6.9,1,0,1,1
60,3.01,0,0,2,0
68,4.33,0,1,2,0
85,6.3,1,1,1,1
42,5.2,0,1,1,1
54,10.54,1,0,0,1
21,7.4,1,1,1,1
81,8.47,0,1,0,0
43,5.8,1,1,1,1
47,6.13,0,0,0,1
57,6.2,1,0,2,1
29,8.1,0,1,2,0
43,5.3,0,0,1,0
67,9.13,1,1,0,0
59,4.48,1,0,2,1
33,7.97,0,1,2,1
46,6.5,1,1,2,1
65,5.23,0,0,0,0
68,9.16,1,0,0,0
66,7.94,1,1,2,1
85,5.6,1,1,0,0
75,4.42,1,0,2,0
19,7.64,0,1,0,0
54,4.35,0,0,2,0
62,7.07,0,0,2,0
85,4.15,0,0,2,1
76,6.18,0,1,0,0
41,4.23,1,0,2,0
19,5.57,1,1,0,0
50,9.29,1,0,2,1
51,9.46,0,0,2,0
35,5.01,1,1,0,0
76,5.42,1,0,0,1
79,2.6,1,0,2,0
67,6.57,1,1,0,0
36,8.24,0,0,2,1
45,4.26,1,0,1,0
44,4.13,1,1,1,0
42,6.68,0,1,0,0
89,4.82,0,1,0,0
20,6.35,0,1,0,1
81,9.09,1,1,2,1
54,6.9,0,0,0,0
