age,lead_time,prior_no_show,no_show
66,63,3,1
61,89,3,1
56,61,4,1
50,1,3,1
28,79,4,1
58,3,1,1
35,48,4,1
64,8,1,1
27,43,3,1
43,63,1,1
40,37,0,1
56,1,0,0
68,28,4,1
57,58,0,1
39,50,2,1
28,78,1,1
70,6,0,0
39,81,3,1
49,51,0,1
23,10,1,0
46,77,1,1
64,22,2,1
55,31,3,1
53,16,0,0
60,79,1,1
41,52,2,1
57,29,0,1
19,75,4,1
79,38,2,1
52,15,1,1
47,62,1,1
51,39,0,1
54,12,2,1
46,34,3,1
65,31,4,1
69,52,1,1
34,1,3,1
18,57,4,1
49,9,2,1
75,52,3,1
79,23,3,1
78,47,2,1
63,87,3,1
27,54,1,1
75,58,0,1
71,10,3,1
19,15,4,1
56,12,3,1
68,6,0,0
74,50,4,1
78,47,4,1
64,18,1,1
51,2,4,1
59,50,2,1
20,33,3,1
66,67,4,1
52,53,2,1
35,72,2,1
45,11,4,1
48,12,3,1
68,45,4,1
48,8,1,1
68,61,1,1
27,4,4,1
75,51,1,1
32,43,0,1
59,29,1,1
18,13,4,1
31,47,1,1
72,74,1,1
75,86,2,1
20,21,0,1
70,70,4,1
23,40,4,1
37,12,1,1
61,25,3,1
46,45,2,1
71,18,4,1
44,54,3,1
61,84,3,1
44,76,0,1
62,7,2,1
71,19,1,1
41,66,3,1
45,8,0,0
66,23,2,1
27,73,4,1
65,10,3,1
49,61,3,1
40,16,3,1
67,17,0,1
75,34,3,1
22,33,4,1
46,58,4,1
77,36,1,1
59,62,4,1
60,85,0,1
42,11,3,1
50,41,1,1
53,38,2,1
59,57,1,1
23,11,1,1
60,23,0,0
44,17,0,1
30,15,1,1
65,21,3,1
48,16,1,1
70,84,3,1
22,32,0,1
39,25,0,0
28,41,3,1
21,18,3,1
51,24,1,1
28,88,4,1
41,29,3,1
35,62,1,1
47,81,0,1
48,39,2,1
36,44,2,1
34,86,3,1
23,40,4,1
40,77,4,1
64,6,3,1
19,83,3,1
33,79,2,1
43,57,1,1
71,71,0,1
61,23,4,1
44,39,0,1
45,73,4,1
31,54,0,1
30,74,0,1
54,66,3,1
75,59,1,1
54,77,0,1
29,87,2,1
66,20,2,1
71,37,0,1
75,48,1,1
29,35,2,1
61,47,1,1
27,79,4,1
63,10,3,1
48,31,3,1
74,53,2,1
58,87,1,1
70,72,1,1
46,81,1,1
79,17,0,1
49,60,3,1
53,69,3,1
56,81,0,1
41,69,4,1
47,14,2,1
65,32,0,1
77,62,4,1
25,75,0,1
27,68,0,1
50,56,4,1
42,24,4,1
19,63,0,1
25,14,3,1
28,7,2,1
30,1,0,0
39,5,0,0
56,33,0,1
74,76,3,1
71,53,1,1
44,28,2,1
39,57,1,1
38,38,0,1
70,18,0,0
22,78,0,1
41,65,4,1
39,6,3,1
61,26,0,1
51,39,1,1
24,78,4,1
35,2,2,0
52,57,0,1
66,75,3,1
20,86,4,1
40,57,3,1
26,37,1,1
76,79,3,1
36,19,0,0
18,27,4,1
21,60,1,1
27,49,3,1
72,67,3,1
64,78,2,1
68,59,1,1
57,76,0,1
75,23,3,1
54,72,4,1
31,16,1,1
23,30,3,1
45,65,4,1
42,42,4,1
68,8,4,1
62,76,2,1
35,32,3,1
55,73,1,1
58,38,3,1
49,16,0,1
39,89,3,1
46,64,1,1
41,28,1,1
19,57,4,1
59,72,1,1
66,13,3,1
76,52,2,1
77,64,1,1
68,48,2,1
73,74,2,1
39,48,0,1
39,72,4,1
22,63,4,1
49,62,3,1
78,79,2,1
70,80,0,1
39,53,4,1
27,46,4,1
62,39,3,1
27,48,4,1
21,8,0,0
30,2,3,1
18,9,2,1
67,76,1,1
57,27,1,1
46,13,2,1
71,74,1,1
45,31,1,1
44,70,4,1
64,22,2,1
57,3,4,1
52,33,0,1
61,61,3,1
29,83,2,1
70,20,3,1
54,29,0,1
23,66,0,1
21,82,0,1
51,14,3,1
70,2,2,1
45,45,3,1
65,23,4,1
39,51,3,1
39,60,1,1
40,75,1,1
19,69,1,1
43,57,0,1
74,83,1,1
28,35,3,1
71,35,0,1
71,86,1,1
26,15,1,1
35,48,4,1
19,58,4,1
42,31,2,1
49,69,3,1
54,21,4,1
26,27,3,1
60,57,3,1
53,55,1,1
48,26,0,1
58,55,1,1
45,81,4,1
28,29,2,1
40,62,4,1
62,18,0,1
49,63,2,1
51,24,0,1
32,25,0,1
65,1,2,0
19,14,4,1
20,77,3,1
74,8,3,1
52,50,2,1
29,83,3,1
52,26,1,1
42,53,3,1
63,89,1,1
51,58,3,1
35,89,4,1
38,62,2,1
77,81,4,1
44,33,0,1
33,47,4,1
42,41,3,1
69,15,0,0
46,24,2,1
31,70,0,1
65,12,3,1
54,89,4,1
50,64,4,1
50,57,1,1
71,87,2,1
30,9,0,0
59,24,0,1
63,5,3,1
49,18,2,1
62,6,1,0
38,47,1,1
40,5,4,1
22,22,2,1
37,7,0,0
37,12,4,1
51,77,2,1
56,21,3,1
73,60,3,1
48,78,0,1
40,33,3,1
26,89,3,1
35,52,3,1
53,30,4,1
26,69,0,1
36,33,0,1
51,78,1,1
34,73,3,1
34,62,2,1
37,5,0,0
36,84,3,1
60,38,2,1
60,52,2,1
59,63,1,1
22,38,3,1
23,64,3,1
57,60,4,1
30,59,1,1
60,50,0,1
55,7,2,1
79,30,1,1
23,33,1,1
79,56,2,1
65,61,2,1
47,77,0,1
64,87,1,1
22,42,1,1
29,45,0,1
46,67,0,1
79,50,1,1
44,40,4,1
68,77,0,1
53,17,4,1
25,16,1,1
64,66,0,1
73,59,0,1
74,43,0,1
35,22,2,1
67,21,0,1
47,38,1,1
58,46,1,1
26,54,1,1
49,34,1,1
45,21,0,1
48,8,2,1
68,55,1,1
30,40,2,1
53,26,1,1
62,88,0,1
22,23,4,1
58,56,1,1
37,66,3,1
36,61,3,1
51,81,0,1
20,26,1,1
45,44,2,1
39,58,1,1
47,14,4,1
72,88,0,1
79,41,3,1
52,84,0,1
48,71,0,1
27,27,2,1
78,16,3,1
66,72,3,1
21,17,3,1
55,69,3,1
72,79,1,1
42,50,4,1
43,66,4,1
31,74,0,1
71,61,1,1
64,75,1,1
75,85,0,1
26,60,3,1
51,67,2,1
74,14,3,1
24,17,2,1
23,42,4,1
40,88,2,1
46,79,3,1
22,86,1,1
49,85,0,1
68,13,0,0
38,18,1,1
78,59,1,1
31,75,2,1
60,21,4,1
37,14,1,1
41,26,3,1
75,76,1,1
64,65,1,1
76,46,2,1
79,2,1,0
43,33,1,1
47,50,0,1
24,87,3,1
23,86,2,1
63,52,4,1
54,58,0,1
60,4,1,0
71,25,3,1
20,60,1,1
60,89,4,1
35,20,4,1
67,26,1,1
37,56,4,1
47,24,4,1
23,36,0,1
66,30,3,1
69,67,0,1
56,39,2,1
35,24,2,1
28,20,4,1
28,37,1,1
69,5,2,1
78,44,0,1
39,64,2,1
38,58,1,1
59,9,2,1
65,78,0,1
44,46,4,1
67,14,3,1
75,16,0,0
72,75,1,1
41,78,2,1
62,47,2,1
27,46,0,1
41,74,3,1
41,50,2,1
73,18,3,1
29,62,0,1
79,75,3,1
71,71,0,1
31,58,1,1
44,86,0,1
34,25,0,1
49,19,0,1
53,24,1,1
68,35,1,1
20,73,0,1
73,34,2,1
73,75,2,1
59,34,1,1
72,49,3,1
53,62,0,1
68,26,3,1
58,55,1,1
35,2,2,0
68,74,2,1
62,64,1,1
39,70,3,1
70,45,1,1
70,81,4,1
70,41,4,1
79,79,2,1
43,76,4,1
42,78,3,1
24,2,2,0
67,11,1,1
26,25,4,1
69,24,2,1
68,18,1,1
47,32,1,1
43,45,4,1
67,6,2,1
76,67,2,1
21,75,0,1
69,75,0,1
24,13,3,1
25,13,3,1
20,57,2,1
54,77,2,1
71,26,4,1
24,19,4,1
42,8,4,1
51,24,4,1
63,75,2,1
73,17,1,1
36,58,1,1
79,68,0,1
71,17,4,1
71,34,1,1
36,83,4,1
66,10,3,1
60,51,4,1
53,64,0,1
74,51,4,1
50,7,0,0
43,2,0,0
41,34,1,1
70,3,3,1
55,23,4,1
61,8,2,1
52,83,0,1
24,35,1,1
72,55,0,1
43,50,3,1
21,30,4,1
67,48,1,1
50,67,0,1
77,74,1,1
73,15,2,1
32,15,0,0
53,43,0,1
34,47,2,1
32,10,0,0
18,76,4,1
48,60,4,1
60,5,4,1
75,65,1,1
53,46,2,1
73,41,4,1
63,24,3,1
52,70,2,1
19,87,3,1
25,29,1,1
59,9,0,0
29,45,4,1
61,32,3,1
21,24,2,1
74,14,1,1
64,89,4,1
20,36,3,1
38,21,1,1
56,69,1,1
26,52,1,1
76,5,3,1
43,1,0,0
56,37,4,1
48,74,1,1
32,76,1,1
36,34,3,1
43,19,2,1
40,74,0,1
64,78,3,1
71,51,4,1
72,5,1,0
27,80,2,1
49,14,3,1
76,58,1,1
56,68,4,1
53,81,2,1
77,19,2,1
31,1,1,0
58,10,4,1
65,16,0,0
46,49,4,1
20,68,2,1
24,36,3,1
48,19,4,1
65,25,3,1
58,89,2,1
74,3,0,0
55,44,0,1
43,2,1,0
79,48,1,1
38,31,4,1
64,61,0,1
25,34,2,1
46,58,0,1
44,4,3,1
35,22,0,1
78,31,2,1
73,42,1,1
54,83,3,1
52,14,4,1
45,46,2,1
61,88,2,1
18,31,0,1
78,81,3,1
49,69,1,1
68,66,3,1
36,65,0,1
33,56,0,1
31,68,2,1
58,20,4,1
39,54,2,1
29,54,1,1
67,3,2,1
69,72,2,1
54,7,0,0
68,21,0,1
37,77,2,1
21,77,3,1
69,78,0,1
24,41,4,1
52,36,4,1
28,29,3,1
58,82,3,1
61,22,1,1
42,58,3,1
55,73,0,1
69,69,1,1
40,70,2,1
49,41,0,1
57,22,3,1
43,35,2,1
56,46,0,1
38,35,0,1
33,73,4,1
59,29,3,1
44,10,4,1
74,26,4,1
22,71,0,1
77,86,3,1
55,57,3,1
36,19,4,1
18,68,3,1
55,37,2,1
29,58,1,1
31,43,1,1
69,32,4,1
73,41,0,1
39,72,0,1
76,16,1,1
26,85,0,1
55,33,4,1
19,81,1,1
70,41,1,1
27,48,2,1
22,34,4,1
38,11,3,1
60,9,4,1
56,33,0,1
65,7,2,1
32,21,1,1
74,77,1,1
33,52,1,1
70,18,3,1
63,5,2,1
56,32,2,1
35,17,1,1
27,87,1,1
25,32,2,1
69,37,4,1
31,62,0,1
32,28,2,1
33,14,4,1
58,20,3,1
65,22,4,1
21,44,4,1
33,63,4,1
35,57,0,1
63,1,1,0
49,52,3,1
66,55,1,1
68,41,0,1
29,75,0,1
19,8,2,1
18,61,0,1
26,47,0,1
44,71,4,1
66,19,4,1
40,79,4,1
25,66,1,1
58,5,4,1
27,82,1,1
32,9,0,0
66,78,4,1
20,78,4,1
31,8,4,1
56,61,4,1
52,32,3,1
28,27,0,1
38,23,4,1
41,13,3,1
22,3,4,1
33,74,0,1
72,89,0,1
18,42,1,1
37,22,1,1
57,56,1,1
44,12,1,1
44,67,3,1
65,59,3,1
49,61,0,1
69,16,3,1
45,12,3,1
26,21,0,1
69,81,3,1
36,7,4,1
22,52,2,1
68,55,0,1
73,19,1,0
58,63,0,1
65,11,3,1
30,60,2,1
59,4,2,1
72,26,3,1
30,11,0,0
51,58,0,1
78,58,2,1
58,80,0,1
25,20,2,1
53,23,0,1
34,87,2,1
27,20,3,1
74,44,2,1
24,73,3,1
44,80,3,1
45,30,4,1
44,60,1,1
34,81,1,1
41,30,1,1
74,71,0,1
50,15,1,0
69,11,0,0
42,65,2,1
78,4,2,1
40,57,0,1
32,71,1,1
20,64,2,1
41,41,3,1
39,25,2,1
62,7,4,1
51,19,4,1
39,79,4,1
26,48,1,1
55,2,2,0
67,78,4,1
74,64,1,1
64,83,3,1
74,47,0,1
58,47,0,1
34,46,4,1
63,65,1,1
22,75,1,1
21,24,0,1
60,59,0,1
75,53,2,1
61,56,0,1
66,78,4,1
30,78,2,1
22,59,0,1
44,82,0,1
46,69,1,1
45,57,0,1
52,86,2,1
57,81,2,1
23,46,1,1
72,43,2,1
79,5,4,1
72,9,4,1
50,21,1,1
24,2,0,0
60,38,4,1
63,4,1,0
79,6,2,0
49,86,2,1
20,52,4,1
63,13,2,1
26,37,2,1
24,5,3,1
22,78,2,1
32,87,3,1
55,33,0,1
37,37,4,1
21,60,4,1
36,86,0,1
73,66,4,1
59,56,0,1
51,56,3,1
55,27,1,1
19,2,3,1
45,45,4,1
33,21,1,1
31,33,0,1
74,65,4,1
77,85,2,1
67,33,2,1
40,35,1,1
46,56,4,1
71,50,3,1
74,46,4,1
27,5,3,1
41,89,3,1
53,1,2,1
27,35,0,1
32,43,3,1
64,52,3,1
66,24,4,1
57,70,3,1
60,35,1,1
57,40,4,1
19,34,2,1
56,20,4,1
78,64,2,1
38,18,4,1
52,14,1,1
47,69,1,1
76,86,2,1
75,29,1,1
73,7,3,1
27,20,3,1
64,21,4,1
57,2,1,0
65,13,3,1
19,46,4,1
67,40,2,1
79,19,2,1
27,9,0,0
68,65,3,1
38,12,0,0
24,83,2,1
63,36,4,1
68,17,3,1
55,1,4,1
61,84,3,1
19,81,4,1
33,2,2,1
78,11,1,1
67,30,2,1
79,27,2,1
56,64,3,1
25,81,2,1
22,56,2,1
46,36,2,1
21,21,1,1
26,41,1,1
71,46,0,1
43,70,4,1
65,6,0,0
62,47,2,1
26,39,3,1
28,23,4,1
76,14,3,1
75,67,1,1
69,52,3,1
26,15,0,1
72,11,2,1
65,78,3,1
30,17,3,1
70,33,3,1
31,12,3,1
49,41,1,1
20,46,4,1
69,66,0,1
42,53,3,1
73,19,1,1
26,51,0,1
38,70,1,1
20,60,0,1
61,16,3,1
79,48,2,1
54,30,2,1
42,29,1,1
33,34,3,1
41,74,2,1
30,5,2,1
52,18,3,1
77,32,1,1
24,58,2,1
22,10,3,1
56,50,3,1
44,1,4,1
74,15,0,0
67,43,2,1
22,26,2,1
69,80,4,1
52,68,1,1
52,45,3,1
59,88,2,1
73,73,4,1
29,84,4,1
50,36,0,1
38,78,1,1
36,49,2,1
30,17,3,1
74,10,4,1
72,24,3,1
51,54,2,1
49,65,4,1
35,5,2,1
39,30,0,1
55,69,1,1
53,2,1,0
24,64,1,1
78,89,3,1
41,64,2,1
32,75,3,1
28,1,1,0
58,51,4,1
49,37,0,1
66,65,2,1
40,27,3,1
20,71,3,1
37,75,1,1
30,46,0,1
19,67,1,1
27,22,2,1
30,23,1,1
38,48,2,1
34,58,0,1
24,35,2,1
49,18,1,1
60,51,0,1
63,24,0,1
76,53,2,1
76,15,3,1
18,81,1,1
50,3,1,1
75,9,1,0
39,60,4,1
57,83,3,1
38,57,2,1
20,70,4,1
18,50,4,1
47,28,0,1
59,61,0,1
19,44,2,1
48,44,3,1
29,39,4,1
21,74,0,1
63,89,3,1
51,74,0,1
41,21,0,1
79,25,2,1
20,61,1,1
25,8,2,1
71,69,3,1
49,53,1,1
53,25,1,1
57,4,4,1
24,75,2,1
28,27,2,1
46,67,3,1
19,73,4,1
47,41,4,1
32,4,0,0
59,64,1,1
38,15,0,0
24,5,4,1
23,45,1,1
21,20,2,1
39,70,0,1
46,87,3,1
35,50,4,1
79,35,4,1
19,59,2,1
53,20,0,1
25,38,0,1
71,79,2,1
46,49,2,1
50,81,3,1
73,38,4,1
61,39,2,1
37,78,2,1
73,5,3,1
76,28,4,1
51,56,1,1
69,11,0,1
25,15,3,1
66,58,3,1
39,42,2,1
64,62,3,1
24,44,3,1
72,7,2,1
57,85,3,1
18,65,1,1
61,7,2,1
41,77,2,1
45,47,0,1
70,10,2,1
44,20,0,1
79,44,4,1
64,29,4,1
66,12,2,1
52,70,1,1
45,26,4,1
48,61,3,1
31,38,1,1
70,38,4,1
31,89,1,1
43,46,1,1
19,44,3,1
41,47,0,1
49,7,4,1
44,68,1,1
26,66,0,1
41,57,3,1
65,50,4,1
60,50,0,1
74,7,0,0
66,23,0,1
79,72,4,1
62,44,1,1
58,44,2,1
60,42,2,1
26,34,2,1
73,35,1,1
65,48,2,1
39,75,2,1
68,34,1,1
26,37,3,1
35,73,2,1
38,9,4,1
38,48,4,1
66,27,0,1
62,64,3,1
32,19,3,1
65,59,0,1
36,49,2,1
29,88,1,1
25,84,0,1
24,3,4,1
58,69,3,1
60,14,3,1
19,11,0,1
36,57,4,1
35,14,1,1
68,9,4,1
73,3,3,1
20,82,4,1
18,1,1,0
35,22,2,1
21,81,0,1
62,29,3,1
32,65,1,1
20,84,1,1
72,14,3,1
28,62,2,1
68,86,2,1
44,2,3,1
40,23,3,1
27,48,0,1
57,9,3,1
47,30,2,1
40,13,1,1
51,22,3,1
62,11,4,1
20,3,0,0
52,15,1,1
30,48,1,1
25,56,3,1
41,20,0,1
26,37,1,1
26,72,2,1
27,74,0,1
23,80,2,1
25,43,0,1
53,53,2,1
69,27,0,1
58,16,4,1
61,60,4,1
23,37,2,1
38,41,4,1
62,21,4,1
62,88,0,1
23,52,0,1
22,35,4,1
23,33,1,1
65,75,4,1
57,26,1,1
32,16,2,1
79,53,0,1
55,35,3,1
60,21,4,1
18,73,1,1
24,30,3,1
57,43,4,1
46,51,3,1
75,88,3,1
33,30,2,1
72,40,3,1
35,30,0,1
64,18,0,1
61,6,4,1
20,48,4,1
48,6,0,0
30,21,1,1
60,74,0,1
28,40,1,1
51,4,2,1
63,87,2,1
30,32,2,1
50,29,3,1
58,35,4,1
20,89,0,1
71,68,1,1
46,57,2,1
24,36,3,1
50,18,3,1
65,38,0,1
57,70,4,1
67,40,0,1
69,53,1,1
60,1,4,1
21,65,2,1
57,61,4,1
38,65,2,1
49,20,4,1
66,79,4,1
55,87,0,1
27,9,3,1
39,65,2,1
35,36,3,1
78,71,3,1
62,19,1,1
64,25,3,1
47,14,3,1
49,40,2,1
51,37,1,1
66,51,3,1
34,46,1,1
21,78,0,1
25,41,1,1
79,21,2,1
22,80,4,1
26,4,0,0
61,75,1,1
58,44,2,1
44,2,1,0
26,36,2,1
26,17,0,1
38,41,4,1
33,22,2,1
52,78,0,1
20,19,0,0
27,6,4,1
77,65,1,1
52,60,4,1
43,62,4,1
37,39,4,1
35,86,0,1
78,53,4,1
74,82,0,1
22,76,0,1
52,49,0,1
72,27,4,1
60,28,1,1
40,9,2,1
67,31,0,1
20,36,3,1
20,64,0,1
70,40,1,1
26,44,1,1
24,63,3,1
58,82,0,1
19,72,0,1
41,55,4,1
54,12,2,1
68,70,4,1
63,8,3,1
24,89,3,1
70,86,3,1
60,33,0,1
36,89,4,1
79,66,3,1
44,24,0,1
33,21,2,1
56,7,1,0
19,24,0,1
40,57,4,1
56,45,1,1
76,67,1,1
42,48,0,1
53,41,2,1
54,56,4,1
37,21,4,1
23,70,2,1
59,17,1,1
68,30,4,1
62,61,1,1
52,37,0,1
78,31,1,1
32,80,2,1
41,11,0,1
42,89,4,1
71,17,3,1
33,3,1,0
54,82,3,1
77,29,2,1
49,42,3,1
38,17,4,1
54,70,2,1
47,50,3,1
75,76,1,1
45,53,2,1
64,29,0,1
25,42,4,1
75,68,2,1
62,65,0,1
59,71,0,1
25,57,2,1
74,67,3,1
44,10,2,1
24,36,2,1
70,46,2,1
23,88,0,1
60,11,2,1
46,53,0,1
34,54,3,1
33,76,4,1
73,74,1,1
38,47,0,1
78,71,3,1
42,29,0,1
57,5,2,0
30,35,1,1
75,61,1,1
71,25,1,1
29,31,3,1
50,69,4,1
49,22,3,1
42,87,2,1
49,32,1,1
48,3,1,0
49,44,2,1
18,26,3,1
55,57,4,1
31,27,2,1
39,83,3,1
76,13,2,1
49,44,4,1
32,67,3,1
61,46,1,1
19,6,0,0
44,19,2,1
59,13,4,1
57,51,0,1
69,50,4,1
49,77,3,1
44,84,0,1
67,59,3,1
61,54,3,1
68,74,4,1
63,76,4,1
79,29,1,1
35,62,3,1
60,13,2,1
61,81,2,1
49,21,4,1
21,73,1,1
74,68,4,1
69,68,4,1
61,32,4,1
59,15,4,1
19,80,0,1
30,56,3,1
27,3,2,1
38,67,0,1
20,39,3,1
19,70,0,1
67,9,2,1
18,74,2,1
78,75,1,1
44,47,0,1
73,12,0,0
73,28,3,1
31,45,2,1
44,31,0,1
34,79,3,1
48,57,3,1
76,83,2,1
57,47,1,1
51,4,4,1
54,58,0,1
32,68,4,1
24,83,2,1
27,65,0,1
54,88,4,1
53,70,0,1
36,74,3,1
45,48,0,1
20,64,3,1
24,39,4,1
19,39,1,1
45,45,1,1
41,74,3,1
79,89,0,1
69,32,0,1
39,5,1,1
19,58,4,1
29,64,1,1
78,81,4,1
65,23,2,1
37,52,0,1
36,41,4,1
32,34,4,1
44,49,2,1
50,17,1,1
52,3,2,1
22,62,2,1
28,78,4,1
26,40,0,1
59,49,3,1
63,13,3,1
20,64,3,1
55,36,3,1
20,2,2,1
42,77,3,1
23,61,1,1
54,83,0,1
77,9,4,1
37,82,1,1
28,27,0,1
55,2,3,1
53,82,4,1
53,31,1,1
45,75,4,1
58,27,0,1
75,56,2,1
21,64,2,1
37,62,1,1
61,17,3,1
65,61,1,1
49,19,4,1
73,55,4,1
75,78,0,1
65,44,0,1
70,44,4,1
73,47,3,1
48,70,0,1
36,42,0,1
57,60,2,1
30,82,3,1
46,34,3,1
25,39,0,1
55,78,1,1
57,49,1,1
36,81,3,1
71,17,3,1
49,85,1,1
24,6,2,0
19,32,4,1
40,32,1,1
52,86,0,1
74,15,4,1
47,48,1,1
57,56,2,1
32,5,0,0
18,36,1,1
69,37,2,1
72,75,4,1
68,78,4,1
34,17,3,1
48,46,4,1
44,26,0,1
78,10,1,1
63,79,3,1
46,51,0,1
34,9,0,0
48,35,1,1
19,25,3,1
61,73,1,1
39,3,0,0
58,33,0,1
37,22,4,1
37,59,1,1
51,40,4,1
76,23,1,1
21,59,3,1
74,23,4,1
63,14,1,1
21,6,2,1
19,81,4,1
27,8,3,1
53,37,1,1
60,15,0,0
56,75,0,1
48,8,3,1
37,69,0,1
26,31,0,1
47,45,3,1
42,68,2,1
50,59,4,1
42,19,2,1
43,38,3,1
53,74,4,1
24,48,3,1
66,17,4,1
55,18,3,1
40,47,2,1
27,82,4,1
59,16,2,1
40,82,2,1
59,40,0,1
28,70,4,1
51,5,4,1
74,48,1,1
54,20,1,1
56,5,2,1
27,89,2,1
32,8,0,0
47,51,3,1
54,33,4,1
44,80,1,1
78,42,4,1
53,34,0,1
18,87,4,1
50,32,1,1
25,17,4,1
18,27,2,1
44,9,3,1
49,4,4,1
66,82,0,1
48,45,3,1
18,88,0,1
33,64,2,1
74,69,1,1
44,54,1,1
29,62,2,1
23,39,2,1
61,58,3,1
72,18,0,0
65,37,4,1
72,66,2,1
39,76,0,1
75,63,2,1
29,83,1,1
66,37,1,1
66,68,0,1
71,15,0,0
37,59,4,1
57,71,1,1
27,63,3,1
63,81,0,1
24,29,0,1
46,59,3,1
75,20,4,1
57,43,4,1
79,2,2,1
21,81,2,1
67,39,2,1
53,28,0,1
45,70,1,1
38,44,3,1
39,36,0,1
22,89,1,1
79,71,4,1
45,17,3,1
18,3,0,0
67,62,2,1
64,51,1,1
70,42,1,1
67,31,2,1
25,69,2,1
22,18,4,1
22,89,2,1
51,75,4,1
42,52,3,1
66,48,4,1
42,66,2,1
61,59,4,1
70,34,3,1
54,9,4,1
54,23,4,1
37,3,4,1
66,56,3,1
67,82,2,1
27,18,0,1
28,5,2,1
21,63,4,1
59,42,2,1
77,41,1,1
27,32,3,1
19,5,1,1
41,84,2,1
61,27,4,1
76,21,4,1
43,82,4,1
22,22,0,1
44,82,3,1
54,79,4,1
77,53,4,1
27,14,2,1
59,34,3,1
40,8,1,0
68,61,4,1
24,2,1,0
36,3,0,0
74,3,0,0
18,64,1,1
79,20,1,1
37,48,1,1
51,21,1,1
68,65,4,1
57,43,2,1
33,88,4,1
30,60,4,1
31,62,1,1
49,19,4,1
39,81,3,1
75,16,0,0
44,37,4,1
57,2,4,1
67,85,1,1
35,69,0,1
27,89,1,1
73,69,3,1
45,80,4,1
34,69,0,1
57,8,3,1
63,52,2,1
33,7,0,0
62,39,2,1
43,75,0,1
25,6,2,1
26,71,0,1
57,80,1,1
33,6,4,1
53,49,2,1
53,7,1,1
40,18,0,1
41,72,2,1
41,59,1,1
45,28,3,1
23,76,2,1
73,33,2,1
70,66,2,1
23,35,4,1
78,40,4,1
56,2,3,1
34,63,0,1
50,49,2,1
43,56,3,1
27,11,1,1
36,81,1,1
41,58,1,1
41,46,3,1
28,9,1,1
77,20,2,1
32,86,2,1
36,51,2,1
54,76,1,1
18,19,3,1
65,66,0,1
31,49,2,1
62,3,3,1
64,66,1,1
42,43,1,1
74,68,0,1
67,21,4,1
31,33,0,1
61,34,1,1
42,35,1,1
27,50,2,1
79,80,0,1
50,65,1,1
18,59,4,1
47,52,3,1
47,43,2,1
53,16,3,1
69,70,1,1
32,16,0,1
56,34,3,1
38,51,2,1
61,24,0,1
38,24,3,1
54,3,3,1
78,57,1,1
38,65,3,1
18,16,2,1
78,7,0,0
57,75,3,1
52,27,3,1
54,45,4,1
76,22,0,1
38,48,4,1
61,67,2,1
48,65,3,1
79,8,1,0
72,55,3,1
59,46,0,1
35,75,0,1
72,34,0,1
47,19,1,1
46,18,2,1
26,72,4,1
35,4,2,1
63,70,3,1
23,67,2,1
22,19,4,1
78,33,3,1
27,6,3,1
68,33,1,1
40,12,4,1
76,9,4,1
48,40,1,1
53,53,1,1
55,50,4,1
50,28,3,1
18,21,4,1
54,89,1,1
69,43,3,1
78,81,4,1
62,38,2,1
23,41,0,1
40,58,3,1
29,12,1,1
47,72,1,1
61,34,1,1
36,11,0,0
39,31,1,1
78,89,2,1
25,86,0,1
44,28,3,1
75,76,2,1
21,6,2,1
63,79,4,1
64,49,4,1
44,10,3,1
37,16,1,1
71,87,2,1
42,68,3,1
40,84,1,1
75,11,0,0
71,60,3,1
21,21,3,1
46,29,1,1
47,68,2,1
29,86,1,1
72,83,2,1
49,22,3,1
51,35,3,1
23,35,0,1
39,70,2,1
59,59,2,1
55,63,1,1
78,83,4,1
68,54,1,1
18,39,2,1
32,47,4,1
54,81,2,1
79,7,1,0
38,49,4,1
67,63,4,1
23,53,2,1
20,81,4,1
64,43,0,1
45,17,1,1
61,47,0,1
48,34,1,1
73,28,4,1
37,25,3,1
38,84,2,1
79,26,0,1
60,33,4,1
58,57,2,1
59,67,3,1
72,20,1,1
21,35,3,1
25,47,2,1
73,11,1,1
51,85,2,1
57,2,1,0
47,13,3,1
44,26,3,1
63,63,3,1
47,23,2,1
42,17,4,1
42,21,1,1
73,21,1,1
58,7,0,0
72,5,2,1
49,28,1,1
26,71,3,1
19,40,2,1
39,5,1,1
54,83,3,1
34,40,4,1
67,49,1,1
40,54,1,1
44,22,2,1
65,67,0,1
63,88,1,1
29,33,3,1
60,49,3,1
21,72,1,1
32,23,2,1
51,11,1,1
40,89,2,1
66,30,4,1
54,45,1,1
24,6,3,1
59,22,3,1
69,7,0,0
58,58,1,1
27,49,1,1
64,68,1,1
22,28,1,1
36,28,2,1
53,40,2,1
46,64,4,1
64,51,4,1
46,50,2,1
18,5,4,1
51,84,2,1
37,22,4,1
25,20,0,0
26,84,0,1
39,30,4,1
51,12,0,0
22,46,2,1
66,54,2,1
23,77,1,1
53,37,0,1
49,25,2,1
34,25,2,1
79,21,0,1
33,34,1,1
67,66,1,1
58,80,3,1
40,64,3,1
69,63,0,1
79,20,3,1
52,74,1,1
34,25,2,1
58,36,2,1
39,38,4,1
45,7,3,1
57,14,0,0
57,29,2,1
61,72,1,1
77,68,4,1
40,18,0,1
67,48,4,1
57,86,0,1
18,70,4,1
55,31,3,1
51,18,1,1
76,89,3,1
49,69,0,1
45,84,0,1
23,19,2,1
50,6,3,1
69,67,1,1
71,37,0,1
44,56,3,1
38,1,0,0
61,6,1,0
66,32,2,1
34,84,0,1
47,30,2,1
76,82,3,1
29,43,4,1
38,39,2,1
66,75,3,1
59,12,2,1
73,40,4,1
40,33,2,1
46,12,4,1
25,37,0,1
23,5,3,1
19,22,4,1
27,57,0,1
72,33,2,1
71,40,3,1
53,73,3,1
51,1,0,0
54,54,1,1
79,61,4,1
26,49,2,1
66,31,4,1
37,28,3,1
38,33,3,1
63,66,3,1
53,88,3,1
41,13,2,1
49,78,1,1
48,17,2,1
35,34,0,1
31,47,3,1
63,66,3,1
22,39,1,1
24,53,1,1
50,68,2,1
25,39,3,1
67,79,4,1
29,53,1,1
20,41,2,1
27,32,3,1
26,5,1,0
77,81,3,1
73,4,4,1
47,28,0,1
66,80,1,1
79,49,2,1
66,41,3,1
77,58,1,1
73,17,2,1
37,36,3,1
68,26,2,1
71,45,2,1
37,22,1,1
28,64,2,1
54,48,3,1
35,76,0,1
78,22,3,1
41,30,4,1
36,67,0,1
67,29,3,1
53,87,4,1
21,53,4,1
65,66,1,1
74,10,0,0
56,79,1,1
28,36,1,1
54,63,1,1
60,68,1,1
43,11,4,1
20,17,2,1
55,89,0,1
60,63,1,1
31,75,0,1
39,22,0,1
32,84,2,1
54,11,2,1
24,83,0,1
69,42,4,1
58,28,4,1
59,25,1,1
41,63,4,1
78,84,1,1
73,72,3,1
56,69,2,1
24,65,0,1
37,16,3,1
19,89,1,1
65,66,4,1
33,12,2,1
44,24,3,1
39,22,4,1
50,12,2,1
59,3,0,0
71,17,2,1
34,29,0,1
63,21,1,1
74,55,4,1
44,33,4,1
62,31,1,1
42,11,4,1
79,59,2,1
51,53,0,1
77,38,4,1
19,8,2,1
68,11,0,0
54,86,0,1
72,64,4,1
40,63,3,1
38,22,3,1
63,40,4,1
43,27,4,1
64,83,2,1
68,43,4,1
27,47,2,1
47,63,0,1
56,80,1,1
42,68,1,1
25,37,2,1
23,41,3,1
79,74,4,1
37,19,3,1
67,38,3,1
32,82,2,1
40,47,2,1
42,77,0,1
79,17,3,1
61,33,3,1
74,11,0,0
66,16,2,1
65,3,0,0
46,76,0,1
38,16,4,1
29,65,4,1
54,63,2,1
26,72,0,1
58,59,2,1
28,44,4,1
55,62,1,1
24,76,4,1
58,25,1,1
71,7,3,1
75,22,4,1
36,74,4,1
51,82,3,1
49,15,2,1
41,86,1,1
25,87,3,1
69,16,0,1
71,29,3,1
71,30,4,1
19,89,2,1
40,37,2,1
26,6,3,1
79,29,1,1
38,35,3,1
55,10,2,1
68,68,2,1
74,35,4,1
37,60,0,1
29,37,2,1
35,35,3,1
51,67,2,1
23,35,0,1
39,47,2,1
40,59,2,1
43,82,3,1
60,87,2,1
42,32,4,1
69,38,1,1
68,38,4,1
66,45,0,1
79,72,4,1
64,66,4,1
30,81,0,1
19,68,3,1
78,63,2,1
61,89,3,1
22,16,1,1
44,6,1,0
74,25,4,1
33,18,0,0
39,44,2,1
74,53,3,1
37,4,2,1
58,23,3,1
79,74,3,1
69,87,3,1
51,60,1,1
22,79,3,1
79,20,2,1
27,74,1,1
29,75,0,1
74,18,4,1
68,66,1,1
75,11,2,1
60,36,2,1
40,56,3,1
78,27,1,1
55,19,3,1
70,84,3,1
21,56,4,1
18,67,1,1
53,12,3,1
62,14,3,1
25,81,3,1
60,23,2,1
48,59,0,1
30,75,0,1
20,77,2,1
76,79,2,1
65,23,3,1
42,23,3,1
41,62,1,1
53,81,0,1
75,50,1,1
45,84,3,1
22,29,3,1
79,49,0,1
75,46,0,1
28,14,0,1
19,31,4,1
74,37,0,1
74,8,0,0
52,11,1,0
58,75,0,1
68,17,1,0
54,62,2,1
55,40,1,1
30,49,3,1
51,11,2,1
75,70,0,1
35,47,0,1
21,26,0,1
42,12,0,0
70,49,4,1
33,38,0,1
79,2,1,0
62,21,0,1
40,12,4,1
26,20,3,1
59,52,2,1
42,41,2,1
71,80,2,1
67,18,4,1
52,36,2,1
59,34,0,1
19,10,1,1
53,8,3,1
33,7,0,0
20,5,2,1
55,28,4,1
47,15,4,1
27,72,2,1
60,86,0,1
22,56,2,1
